AGE OF MOTHER,AGE OF FATHER,YEAR,COUNT
12,<20,2016,0
12,20-24,2016,0
12,25-29,2016,0
12,30-34,2016,0
12,35-39,2016,0
12,40-44,2016,0
12,45-49,2016,0
12,50-54,2016,0
12,55-59,2016,0
12,60-64,2016,0
12,65+,2016,0
12,Not Stated,2016,0
13,<20,2016,0
13,20-24,2016,0
13,25-29,2016,0
13,30-34,2016,0
13,35-39,2016,0
13,40-44,2016,0
13,45-49,2016,0
13,50-54,2016,0
13,55-59,2016,0
13,60-64,2016,0
13,65+,2016,0
13,Not Stated,2016,0
14,<20,2016,0
14,20-24,2016,0
14,25-29,2016,0
14,30-34,2016,0
14,35-39,2016,0
14,40-44,2016,0
14,45-49,2016,0
14,50-54,2016,0
14,55-59,2016,0
14,60-64,2016,0
14,65+,2016,0
14,Not Stated,2016,0
15,<20,2016,3
15,20-24,2016,0
15,25-29,2016,0
15,30-34,2016,0
15,35-39,2016,0
15,40-44,2016,0
15,45-49,2016,0
15,50-54,2016,0
15,55-59,2016,0
15,60-64,2016,0
15,65+,2016,0
15,Not Stated,2016,3
16,<20,2016,10
16,20-24,2016,2
16,25-29,2016,0
16,30-34,2016,0
16,35-39,2016,0
16,40-44,2016,0
16,45-49,2016,0
16,50-54,2016,0
16,55-59,2016,0
16,60-64,2016,0
16,65+,2016,0
16,Not Stated,2016,8
17,<20,2016,15
17,20-24,2016,9
17,25-29,2016,2
17,30-34,2016,1
17,35-39,2016,0
17,40-44,2016,0
17,45-49,2016,0
17,50-54,2016,0
17,55-59,2016,0
17,60-64,2016,0
17,65+,2016,0
17,Not Stated,2016,15
18,<20,2016,26
18,20-24,2016,27
18,25-29,2016,8
18,30-34,2016,2
18,35-39,2016,0
18,40-44,2016,0
18,45-49,2016,0
18,50-54,2016,0
18,55-59,2016,0
18,60-64,2016,0
18,65+,2016,0
18,Not Stated,2016,22
19,<20,2016,27
19,20-24,2016,60
19,25-29,2016,18
19,30-34,2016,1
19,35-39,2016,2
19,40-44,2016,2
19,45-49,2016,0
19,50-54,2016,0
19,55-59,2016,0
19,60-64,2016,0
19,65+,2016,0
19,Not Stated,2016,24
20,<20,2016,7
20,20-24,2016,100
20,25-29,2016,27
20,30-34,2016,10
20,35-39,2016,5
20,40-44,2016,2
20,45-49,2016,1
20,50-54,2016,1
20,55-59,2016,0
20,60-64,2016,0
20,65+,2016,0
20,Not Stated,2016,49
21,<20,2016,3
21,20-24,2016,110
21,25-29,2016,61
21,30-34,2016,13
21,35-39,2016,6
21,40-44,2016,3
21,45-49,2016,0
21,50-54,2016,0
21,55-59,2016,0
21,60-64,2016,0
21,65+,2016,0
21,Not Stated,2016,47
22,<20,2016,2
22,20-24,2016,125
22,25-29,2016,71
22,30-34,2016,31
22,35-39,2016,7
22,40-44,2016,0
22,45-49,2016,3
22,50-54,2016,0
22,55-59,2016,1
22,60-64,2016,0
22,65+,2016,0
22,Not Stated,2016,56
23,<20,2016,0
23,20-24,2016,109
23,25-29,2016,113
23,30-34,2016,38
23,35-39,2016,11
23,40-44,2016,7
23,45-49,2016,0
23,50-54,2016,2
23,55-59,2016,0
23,60-64,2016,0
23,65+,2016,0
23,Not Stated,2016,41
24,<20,2016,3
24,20-24,2016,75
24,25-29,2016,169
24,30-34,2016,51
24,35-39,2016,12
24,40-44,2016,4
24,45-49,2016,1
24,50-54,2016,2
24,55-59,2016,0
24,60-64,2016,0
24,65+,2016,0
24,Not Stated,2016,55
25,<20,2016,1
25,20-24,2016,54
25,25-29,2016,216
25,30-34,2016,80
25,35-39,2016,14
25,40-44,2016,5
25,45-49,2016,2
25,50-54,2016,3
25,55-59,2016,0
25,60-64,2016,0
25,65+,2016,0
25,Not Stated,2016,43
26,<20,2016,1
26,20-24,2016,29
26,25-29,2016,206
26,30-34,2016,105
26,35-39,2016,20
26,40-44,2016,12
26,45-49,2016,3
26,50-54,2016,2
26,55-59,2016,0
26,60-64,2016,0
26,65+,2016,0
26,Not Stated,2016,39
27,<20,2016,0
27,20-24,2016,23
27,25-29,2016,261
27,30-34,2016,139
27,35-39,2016,32
27,40-44,2016,17
27,45-49,2016,5
27,50-54,2016,2
27,55-59,2016,2
27,60-64,2016,0
27,65+,2016,0
27,Not Stated,2016,40
28,<20,2016,0
28,20-24,2016,14
28,25-29,2016,213
28,30-34,2016,175
28,35-39,2016,55
28,40-44,2016,14
28,45-49,2016,5
28,50-54,2016,1
28,55-59,2016,0
28,60-64,2016,0
28,65+,2016,0
28,Not Stated,2016,27
29,<20,2016,1
29,20-24,2016,7
29,25-29,2016,170
29,30-34,2016,274
29,35-39,2016,59
29,40-44,2016,23
29,45-49,2016,5
29,50-54,2016,1
29,55-59,2016,0
29,60-64,2016,1
29,65+,2016,0
29,Not Stated,2016,22
30,<20,2016,0
30,20-24,2016,6
30,25-29,2016,94
30,30-34,2016,278
30,35-39,2016,85
30,40-44,2016,20
30,45-49,2016,10
30,50-54,2016,1
30,55-59,2016,0
30,60-64,2016,1
30,65+,2016,0
30,Not Stated,2016,32
31,<20,2016,0
31,20-24,2016,10
31,25-29,2016,79
31,30-34,2016,316
31,35-39,2016,127
31,40-44,2016,27
31,45-49,2016,7
31,50-54,2016,2
31,55-59,2016,0
31,60-64,2016,0
31,65+,2016,0
31,Not Stated,2016,31
32,<20,2016,0
32,20-24,2016,3
32,25-29,2016,43
32,30-34,2016,313
32,35-39,2016,111
32,40-44,2016,44
32,45-49,2016,9
32,50-54,2016,2
32,55-59,2016,2
32,60-64,2016,0
32,65+,2016,0
32,Not Stated,2016,21
33,<20,2016,0
33,20-24,2016,4
33,25-29,2016,32
33,30-34,2016,256
33,35-39,2016,168
33,40-44,2016,40
33,45-49,2016,10
33,50-54,2016,3
33,55-59,2016,2
33,60-64,2016,0
33,65+,2016,0
33,Not Stated,2016,16
34,<20,2016,1
34,20-24,2016,2
34,25-29,2016,18
34,30-34,2016,173
34,35-39,2016,191
34,40-44,2016,56
34,45-49,2016,6
34,50-54,2016,2
34,55-59,2016,1
34,60-64,2016,0
34,65+,2016,0
34,Not Stated,2016,19
35,<20,2016,0
35,20-24,2016,1
35,25-29,2016,11
35,30-34,2016,83
35,35-39,2016,188
35,40-44,2016,48
35,45-49,2016,15
35,50-54,2016,3
35,55-59,2016,0
35,60-64,2016,0
35,65+,2016,0
35,Not Stated,2016,9
36,<20,2016,0
36,20-24,2016,0
36,25-29,2016,5
36,30-34,2016,55
36,35-39,2016,181
36,40-44,2016,64
36,45-49,2016,16
36,50-54,2016,5
36,55-59,2016,1
36,60-64,2016,0
36,65+,2016,0
36,Not Stated,2016,9
37,<20,2016,0
37,20-24,2016,1
37,25-29,2016,5
37,30-34,2016,36
37,35-39,2016,116
37,40-44,2016,39
37,45-49,2016,19
37,50-54,2016,4
37,55-59,2016,1
37,60-64,2016,0
37,65+,2016,0
37,Not Stated,2016,11
38,<20,2016,0
38,20-24,2016,1
38,25-29,2016,4
38,30-34,2016,25
38,35-39,2016,64
38,40-44,2016,58
38,45-49,2016,17
38,50-54,2016,2
38,55-59,2016,1
38,60-64,2016,1
38,65+,2016,0
38,Not Stated,2016,6
39,<20,2016,0
39,20-24,2016,0
39,25-29,2016,3
39,30-34,2016,10
39,35-39,2016,48
39,40-44,2016,44
39,45-49,2016,16
39,50-54,2016,0
39,55-59,2016,2
39,60-64,2016,0
39,65+,2016,0
39,Not Stated,2016,5
40,<20,2016,0
40,20-24,2016,0
40,25-29,2016,2
40,30-34,2016,8
40,35-39,2016,17
40,40-44,2016,40
40,45-49,2016,11
40,50-54,2016,3
40,55-59,2016,0
40,60-64,2016,0
40,65+,2016,0
40,Not Stated,2016,8
41,<20,2016,0
41,20-24,2016,0
41,25-29,2016,1
41,30-34,2016,4
41,35-39,2016,12
41,40-44,2016,27
41,45-49,2016,12
41,50-54,2016,2
41,55-59,2016,0
41,60-64,2016,1
41,65+,2016,0
41,Not Stated,2016,3
42,<20,2016,0
42,20-24,2016,0
42,25-29,2016,0
42,30-34,2016,4
42,35-39,2016,8
42,40-44,2016,12
42,45-49,2016,9
42,50-54,2016,1
42,55-59,2016,2
42,60-64,2016,0
42,65+,2016,0
42,Not Stated,2016,4
43,<20,2016,0
43,20-24,2016,0
43,25-29,2016,0
43,30-34,2016,0
43,35-39,2016,1
43,40-44,2016,7
43,45-49,2016,7
43,50-54,2016,1
43,55-59,2016,0
43,60-64,2016,0
43,65+,2016,0
43,Not Stated,2016,1
44,<20,2016,0
44,20-24,2016,0
44,25-29,2016,0
44,30-34,2016,0
44,35-39,2016,0
44,40-44,2016,2
44,45-49,2016,3
44,50-54,2016,0
44,55-59,2016,1
44,60-64,2016,0
44,65+,2016,0
44,Not Stated,2016,0
45,<20,2016,0
45,20-24,2016,0
45,25-29,2016,0
45,30-34,2016,0
45,35-39,2016,0
45,40-44,2016,0
45,45-49,2016,3
45,50-54,2016,1
45,55-59,2016,0
45,60-64,2016,0
45,65+,2016,0
45,Not Stated,2016,0
46,<20,2016,0
46,20-24,2016,0
46,25-29,2016,0
46,30-34,2016,0
46,35-39,2016,0
46,40-44,2016,0
46,45-49,2016,0
46,50-54,2016,0
46,55-59,2016,0
46,60-64,2016,0
46,65+,2016,0
46,Not Stated,2016,0
47,<20,2016,0
47,20-24,2016,0
47,25-29,2016,0
47,30-34,2016,0
47,35-39,2016,1
47,40-44,2016,0
47,45-49,2016,0
47,50-54,2016,0
47,55-59,2016,0
47,60-64,2016,0
47,65+,2016,0
47,Not Stated,2016,0
48,<20,2016,0
48,20-24,2016,0
48,25-29,2016,0
48,30-34,2016,0
48,35-39,2016,0
48,40-44,2016,0
48,45-49,2016,0
48,50-54,2016,0
48,55-59,2016,0
48,60-64,2016,0
48,65+,2016,0
48,Not Stated,2016,0
49,<20,2016,0
49,20-24,2016,0
49,25-29,2016,0
49,30-34,2016,0
49,35-39,2016,0
49,40-44,2016,0
49,45-49,2016,0
49,50-54,2016,0
49,55-59,2016,0
49,60-64,2016,0
49,65+,2016,0
49,Not Stated,2016,0
50,<20,2016,0
50,20-24,2016,0
50,25-29,2016,0
50,30-34,2016,0
50,35-39,2016,0
50,40-44,2016,0
50,45-49,2016,0
50,50-54,2016,0
50,55-59,2016,0
50,60-64,2016,0
50,65+,2016,0
50,Not Stated,2016,0
51,<20,2016,0
51,20-24,2016,0
51,25-29,2016,0
51,30-34,2016,0
51,35-39,2016,0
51,40-44,2016,0
51,45-49,2016,0
51,50-54,2016,0
51,55-59,2016,0
51,60-64,2016,0
51,65+,2016,0
51,Not Stated,2016,0
52,<20,2016,0
52,20-24,2016,0
52,25-29,2016,0
52,30-34,2016,0
52,35-39,2016,0
52,40-44,2016,0
52,45-49,2016,0
52,50-54,2016,0
52,55-59,2016,0
52,60-64,2016,0
52,65+,2016,0
52,Not Stated,2016,0
53,<20,2016,0
53,20-24,2016,0
53,25-29,2016,0
53,30-34,2016,0
53,35-39,2016,0
53,40-44,2016,0
53,45-49,2016,0
53,50-54,2016,0
53,55-59,2016,0
53,60-64,2016,0
53,65+,2016,0
53,Not Stated,2016,0
54,<20,2016,0
54,20-24,2016,0
54,25-29,2016,0
54,30-34,2016,0
54,35-39,2016,0
54,40-44,2016,0
54,45-49,2016,0
54,50-54,2016,0
54,55-59,2016,0
54,60-64,2016,0
54,65+,2016,0
54,Not Stated,2016,0
55,<20,2016,0
55,20-24,2016,0
55,25-29,2016,0
55,30-34,2016,0
55,35-39,2016,0
55,40-44,2016,0
55,45-49,2016,0
55,50-54,2016,0
55,55-59,2016,0
55,60-64,2016,0
55,65+,2016,0
55,Not Stated,2016,0
56,<20,2016,0
56,20-24,2016,0
56,25-29,2016,0
56,30-34,2016,0
56,35-39,2016,0
56,40-44,2016,0
56,45-49,2016,0
56,50-54,2016,0
56,55-59,2016,0
56,60-64,2016,0
56,65+,2016,0
56,Not Stated,2016,0
57,<20,2016,0
57,20-24,2016,0
57,25-29,2016,0
57,30-34,2016,0
57,35-39,2016,0
57,40-44,2016,0
57,45-49,2016,0
57,50-54,2016,0
57,55-59,2016,0
57,60-64,2016,0
57,65+,2016,0
57,Not Stated,2016,0
58,<20,2016,0
58,20-24,2016,0
58,25-29,2016,0
58,30-34,2016,0
58,35-39,2016,0
58,40-44,2016,0
58,45-49,2016,0
58,50-54,2016,0
58,55-59,2016,0
58,60-64,2016,0
58,65+,2016,0
58,Not Stated,2016,0
59,<20,2016,0
59,20-24,2016,0
59,25-29,2016,0
59,30-34,2016,0
59,35-39,2016,0
59,40-44,2016,0
59,45-49,2016,0
59,50-54,2016,0
59,55-59,2016,0
59,60-64,2016,0
59,65+,2016,0
59,Not Stated,2016,0
Not Stated,<20,2016,0
Not Stated,20-24,2016,0
Not Stated,25-29,2016,0
Not Stated,30-34,2016,0
Not Stated,35-39,2016,0
Not Stated,40-44,2016,1
Not Stated,45-49,2016,0
Not Stated,50-54,2016,0
Not Stated,55-59,2016,0
Not Stated,60-64,2016,0
Not Stated,65+,2016,0
Not Stated,Not Stated,2016,4
12,<20,2017,0
12,20-24,2017,0
12,25-29,2017,0
12,30-34,2017,0
12,35-39,2017,0
12,40-44,2017,0
12,45-49,2017,0
12,50-54,2017,0
12,55-59,2017,0
12,60-64,2017,0
12,65+,2017,0
12,Not Stated,2017,0
13,<20,2017,0
13,20-24,2017,0
13,25-29,2017,0
13,30-34,2017,0
13,35-39,2017,0
13,40-44,2017,0
13,45-49,2017,0
13,50-54,2017,0
13,55-59,2017,0
13,60-64,2017,0
13,65+,2017,0
13,Not Stated,2017,0
14,<20,2017,0
14,20-24,2017,0
14,25-29,2017,0
14,30-34,2017,0
14,35-39,2017,0
14,40-44,2017,0
14,45-49,2017,0
14,50-54,2017,0
14,55-59,2017,0
14,60-64,2017,0
14,65+,2017,0
14,Not Stated,2017,1
15,<20,2017,1
15,20-24,2017,1
15,25-29,2017,0
15,30-34,2017,0
15,35-39,2017,0
15,40-44,2017,0
15,45-49,2017,0
15,50-54,2017,0
15,55-59,2017,0
15,60-64,2017,0
15,65+,2017,0
15,Not Stated,2017,2
16,<20,2017,7
16,20-24,2017,1
16,25-29,2017,1
16,30-34,2017,0
16,35-39,2017,0
16,40-44,2017,0
16,45-49,2017,0
16,50-54,2017,0
16,55-59,2017,0
16,60-64,2017,0
16,65+,2017,0
16,Not Stated,2017,5
17,<20,2017,13
17,20-24,2017,10
17,25-29,2017,3
17,30-34,2017,0
17,35-39,2017,0
17,40-44,2017,0
17,45-49,2017,0
17,50-54,2017,0
17,55-59,2017,0
17,60-64,2017,0
17,65+,2017,0
17,Not Stated,2017,14
18,<20,2017,15
18,20-24,2017,22
18,25-29,2017,5
18,30-34,2017,0
18,35-39,2017,0
18,40-44,2017,1
18,45-49,2017,1
18,50-54,2017,0
18,55-59,2017,0
18,60-64,2017,0
18,65+,2017,0
18,Not Stated,2017,25
19,<20,2017,26
19,20-24,2017,67
19,25-29,2017,15
19,30-34,2017,5
19,35-39,2017,1
19,40-44,2017,0
19,45-49,2017,0
19,50-54,2017,1
19,55-59,2017,0
19,60-64,2017,0
19,65+,2017,0
19,Not Stated,2017,31
20,<20,2017,12
20,20-24,2017,75
20,25-29,2017,29
20,30-34,2017,6
20,35-39,2017,5
20,40-44,2017,0
20,45-49,2017,0
20,50-54,2017,0
20,55-59,2017,0
20,60-64,2017,0
20,65+,2017,0
20,Not Stated,2017,44
21,<20,2017,5
21,20-24,2017,102
21,25-29,2017,50
21,30-34,2017,10
21,35-39,2017,4
21,40-44,2017,1
21,45-49,2017,3
21,50-54,2017,1
21,55-59,2017,0
21,60-64,2017,0
21,65+,2017,0
21,Not Stated,2017,32
22,<20,2017,3
22,20-24,2017,102
22,25-29,2017,73
22,30-34,2017,23
22,35-39,2017,11
22,40-44,2017,1
22,45-49,2017,0
22,50-54,2017,0
22,55-59,2017,0
22,60-64,2017,0
22,65+,2017,0
22,Not Stated,2017,49
23,<20,2017,1
23,20-24,2017,102
23,25-29,2017,104
23,30-34,2017,32
23,35-39,2017,6
23,40-44,2017,0
23,45-49,2017,1
23,50-54,2017,1
23,55-59,2017,0
23,60-64,2017,0
23,65+,2017,0
23,Not Stated,2017,47
24,<20,2017,0
24,20-24,2017,81
24,25-29,2017,144
24,30-34,2017,44
24,35-39,2017,15
24,40-44,2017,3
24,45-49,2017,3
24,50-54,2017,0
24,55-59,2017,0
24,60-64,2017,0
24,65+,2017,0
24,Not Stated,2017,43
25,<20,2017,0
25,20-24,2017,48
25,25-29,2017,219
25,30-34,2017,77
25,35-39,2017,16
25,40-44,2017,6
25,45-49,2017,4
25,50-54,2017,2
25,55-59,2017,1
25,60-64,2017,0
25,65+,2017,0
25,Not Stated,2017,33
26,<20,2017,0
26,20-24,2017,25
26,25-29,2017,232
26,30-34,2017,90
26,35-39,2017,28
26,40-44,2017,7
26,45-49,2017,2
26,50-54,2017,1
26,55-59,2017,2
26,60-64,2017,0
26,65+,2017,0
26,Not Stated,2017,37
27,<20,2017,1
27,20-24,2017,14
27,25-29,2017,237
27,30-34,2017,158
27,35-39,2017,46
27,40-44,2017,8
27,45-49,2017,2
27,50-54,2017,2
27,55-59,2017,1
27,60-64,2017,0
27,65+,2017,0
27,Not Stated,2017,34
28,<20,2017,0
28,20-24,2017,9
28,25-29,2017,205
28,30-34,2017,168
28,35-39,2017,46
28,40-44,2017,10
28,45-49,2017,2
28,50-54,2017,0
28,55-59,2017,0
28,60-64,2017,0
28,65+,2017,0
28,Not Stated,2017,29
29,<20,2017,0
29,20-24,2017,6
29,25-29,2017,151
29,30-34,2017,234
29,35-39,2017,71
29,40-44,2017,16
29,45-49,2017,4
29,50-54,2017,1
29,55-59,2017,0
29,60-64,2017,1
29,65+,2017,0
29,Not Stated,2017,20
30,<20,2017,1
30,20-24,2017,10
30,25-29,2017,89
30,30-34,2017,357
30,35-39,2017,88
30,40-44,2017,23
30,45-49,2017,5
30,50-54,2017,2
30,55-59,2017,1
30,60-64,2017,0
30,65+,2017,0
30,Not Stated,2017,11
31,<20,2017,0
31,20-24,2017,3
31,25-29,2017,65
31,30-34,2017,339
31,35-39,2017,119
31,40-44,2017,34
31,45-49,2017,8
31,50-54,2017,5
31,55-59,2017,0
31,60-64,2017,1
31,65+,2017,0
31,Not Stated,2017,18
32,<20,2017,0
32,20-24,2017,1
32,25-29,2017,38
32,30-34,2017,289
32,35-39,2017,125
32,40-44,2017,41
32,45-49,2017,8
32,50-54,2017,5
32,55-59,2017,3
32,60-64,2017,0
32,65+,2017,0
32,Not Stated,2017,21
33,<20,2017,0
33,20-24,2017,0
33,25-29,2017,26
33,30-34,2017,229
33,35-39,2017,156
33,40-44,2017,38
33,45-49,2017,6
33,50-54,2017,3
33,55-59,2017,0
33,60-64,2017,0
33,65+,2017,0
33,Not Stated,2017,22
34,<20,2017,0
34,20-24,2017,1
34,25-29,2017,16
34,30-34,2017,146
34,35-39,2017,183
34,40-44,2017,45
34,45-49,2017,12
34,50-54,2017,2
34,55-59,2017,0
34,60-64,2017,0
34,65+,2017,0
34,Not Stated,2017,13
35,<20,2017,1
35,20-24,2017,0
35,25-29,2017,12
35,30-34,2017,102
35,35-39,2017,189
35,40-44,2017,58
35,45-49,2017,22
35,50-54,2017,5
35,55-59,2017,0
35,60-64,2017,1
35,65+,2017,0
35,Not Stated,2017,15
36,<20,2017,0
36,20-24,2017,0
36,25-29,2017,6
36,30-34,2017,46
36,35-39,2017,161
36,40-44,2017,63
36,45-49,2017,10
36,50-54,2017,3
36,55-59,2017,1
36,60-64,2017,1
36,65+,2017,0
36,Not Stated,2017,17
37,<20,2017,0
37,20-24,2017,1
37,25-29,2017,8
37,30-34,2017,48
37,35-39,2017,139
37,40-44,2017,46
37,45-49,2017,16
37,50-54,2017,3
37,55-59,2017,2
37,60-64,2017,0
37,65+,2017,0
37,Not Stated,2017,11
38,<20,2017,0
38,20-24,2017,0
38,25-29,2017,5
38,30-34,2017,19
38,35-39,2017,76
38,40-44,2017,58
38,45-49,2017,21
38,50-54,2017,5
38,55-59,2017,2
38,60-64,2017,0
38,65+,2017,0
38,Not Stated,2017,16
39,<20,2017,0
39,20-24,2017,0
39,25-29,2017,1
39,30-34,2017,17
39,35-39,2017,47
39,40-44,2017,50
39,45-49,2017,15
39,50-54,2017,3
39,55-59,2017,0
39,60-64,2017,1
39,65+,2017,0
39,Not Stated,2017,12
40,<20,2017,0
40,20-24,2017,0
40,25-29,2017,2
40,30-34,2017,5
40,35-39,2017,20
40,40-44,2017,28
40,45-49,2017,13
40,50-54,2017,2
40,55-59,2017,0
40,60-64,2017,0
40,65+,2017,1
40,Not Stated,2017,3
41,<20,2017,0
41,20-24,2017,0
41,25-29,2017,2
41,30-34,2017,6
41,35-39,2017,13
41,40-44,2017,24
41,45-49,2017,13
41,50-54,2017,1
41,55-59,2017,2
41,60-64,2017,0
41,65+,2017,0
41,Not Stated,2017,3
42,<20,2017,0
42,20-24,2017,0
42,25-29,2017,1
42,30-34,2017,0
42,35-39,2017,1
42,40-44,2017,15
42,45-49,2017,9
42,50-54,2017,3
42,55-59,2017,0
42,60-64,2017,0
42,65+,2017,0
42,Not Stated,2017,3
43,<20,2017,0
43,20-24,2017,0
43,25-29,2017,1
43,30-34,2017,2
43,35-39,2017,4
43,40-44,2017,4
43,45-49,2017,6
43,50-54,2017,5
43,55-59,2017,1
43,60-64,2017,0
43,65+,2017,0
43,Not Stated,2017,0
44,<20,2017,0
44,20-24,2017,0
44,25-29,2017,1
44,30-34,2017,2
44,35-39,2017,1
44,40-44,2017,2
44,45-49,2017,4
44,50-54,2017,1
44,55-59,2017,1
44,60-64,2017,0
44,65+,2017,0
44,Not Stated,2017,1
45,<20,2017,0
45,20-24,2017,0
45,25-29,2017,0
45,30-34,2017,0
45,35-39,2017,1
45,40-44,2017,1
45,45-49,2017,6
45,50-54,2017,2
45,55-59,2017,0
45,60-64,2017,0
45,65+,2017,0
45,Not Stated,2017,0
46,<20,2017,0
46,20-24,2017,0
46,25-29,2017,0
46,30-34,2017,0
46,35-39,2017,0
46,40-44,2017,1
46,45-49,2017,0
46,50-54,2017,0
46,55-59,2017,0
46,60-64,2017,0
46,65+,2017,0
46,Not Stated,2017,0
47,<20,2017,0
47,20-24,2017,0
47,25-29,2017,0
47,30-34,2017,0
47,35-39,2017,1
47,40-44,2017,0
47,45-49,2017,0
47,50-54,2017,0
47,55-59,2017,0
47,60-64,2017,1
47,65+,2017,0
47,Not Stated,2017,0
48,<20,2017,0
48,20-24,2017,0
48,25-29,2017,0
48,30-34,2017,0
48,35-39,2017,0
48,40-44,2017,0
48,45-49,2017,0
48,50-54,2017,0
48,55-59,2017,0
48,60-64,2017,0
48,65+,2017,0
48,Not Stated,2017,0
49,<20,2017,0
49,20-24,2017,0
49,25-29,2017,0
49,30-34,2017,0
49,35-39,2017,0
49,40-44,2017,0
49,45-49,2017,0
49,50-54,2017,0
49,55-59,2017,0
49,60-64,2017,0
49,65+,2017,0
49,Not Stated,2017,0
50,<20,2017,0
50,20-24,2017,0
50,25-29,2017,0
50,30-34,2017,0
50,35-39,2017,0
50,40-44,2017,0
50,45-49,2017,0
50,50-54,2017,0
50,55-59,2017,0
50,60-64,2017,0
50,65+,2017,0
50,Not Stated,2017,0
51,<20,2017,0
51,20-24,2017,0
51,25-29,2017,0
51,30-34,2017,0
51,35-39,2017,0
51,40-44,2017,0
51,45-49,2017,0
51,50-54,2017,1
51,55-59,2017,0
51,60-64,2017,0
51,65+,2017,0
51,Not Stated,2017,0
52,<20,2017,0
52,20-24,2017,0
52,25-29,2017,0
52,30-34,2017,0
52,35-39,2017,0
52,40-44,2017,0
52,45-49,2017,0
52,50-54,2017,0
52,55-59,2017,0
52,60-64,2017,0
52,65+,2017,0
52,Not Stated,2017,0
53,<20,2017,0
53,20-24,2017,0
53,25-29,2017,0
53,30-34,2017,0
53,35-39,2017,0
53,40-44,2017,0
53,45-49,2017,0
53,50-54,2017,0
53,55-59,2017,0
53,60-64,2017,0
53,65+,2017,0
53,Not Stated,2017,0
54,<20,2017,0
54,20-24,2017,0
54,25-29,2017,0
54,30-34,2017,0
54,35-39,2017,0
54,40-44,2017,0
54,45-49,2017,0
54,50-54,2017,0
54,55-59,2017,0
54,60-64,2017,0
54,65+,2017,0
54,Not Stated,2017,0
55,<20,2017,0
55,20-24,2017,0
55,25-29,2017,0
55,30-34,2017,0
55,35-39,2017,0
55,40-44,2017,0
55,45-49,2017,0
55,50-54,2017,0
55,55-59,2017,0
55,60-64,2017,0
55,65+,2017,0
55,Not Stated,2017,0
56,<20,2017,0
56,20-24,2017,0
56,25-29,2017,0
56,30-34,2017,0
56,35-39,2017,0
56,40-44,2017,0
56,45-49,2017,0
56,50-54,2017,0
56,55-59,2017,0
56,60-64,2017,0
56,65+,2017,0
56,Not Stated,2017,0
57,<20,2017,0
57,20-24,2017,0
57,25-29,2017,0
57,30-34,2017,0
57,35-39,2017,0
57,40-44,2017,0
57,45-49,2017,0
57,50-54,2017,0
57,55-59,2017,0
57,60-64,2017,0
57,65+,2017,0
57,Not Stated,2017,0
58,<20,2017,0
58,20-24,2017,0
58,25-29,2017,0
58,30-34,2017,0
58,35-39,2017,0
58,40-44,2017,0
58,45-49,2017,0
58,50-54,2017,0
58,55-59,2017,0
58,60-64,2017,0
58,65+,2017,0
58,Not Stated,2017,0
59,<20,2017,0
59,20-24,2017,0
59,25-29,2017,0
59,30-34,2017,0
59,35-39,2017,0
59,40-44,2017,0
59,45-49,2017,0
59,50-54,2017,0
59,55-59,2017,0
59,60-64,2017,0
59,65+,2017,0
59,Not Stated,2017,0
Not Stated,<20,2017,0
Not Stated,20-24,2017,0
Not Stated,25-29,2017,0
Not Stated,30-34,2017,0
Not Stated,35-39,2017,0
Not Stated,40-44,2017,0
Not Stated,45-49,2017,0
Not Stated,50-54,2017,0
Not Stated,55-59,2017,0
Not Stated,60-64,2017,0
Not Stated,65+,2017,0
Not Stated,Not Stated,2017,3
12,<20,2018,0
12,20-24,2018,0
12,25-29,2018,0
12,30-34,2018,0
12,35-39,2018,0
12,40-44,2018,0
12,45-49,2018,0
12,50-54,2018,0
12,55-59,2018,0
12,60-64,2018,0
12,65+,2018,0
12,Not Stated,2018,0
13,<20,2018,0
13,20-24,2018,0
13,25-29,2018,0
13,30-34,2018,0
13,35-39,2018,0
13,40-44,2018,0
13,45-49,2018,0
13,50-54,2018,0
13,55-59,2018,0
13,60-64,2018,0
13,65+,2018,0
13,Not Stated,2018,0
14,<20,2018,0
14,20-24,2018,0
14,25-29,2018,0
14,30-34,2018,0
14,35-39,2018,0
14,40-44,2018,0
14,45-49,2018,0
14,50-54,2018,0
14,55-59,2018,0
14,60-64,2018,0
14,65+,2018,0
14,Not Stated,2018,1
15,<20,2018,3
15,20-24,2018,1
15,25-29,2018,0
15,30-34,2018,0
15,35-39,2018,0
15,40-44,2018,0
15,45-49,2018,0
15,50-54,2018,0
15,55-59,2018,0
15,60-64,2018,0
15,65+,2018,0
15,Not Stated,2018,4
16,<20,2018,7
16,20-24,2018,1
16,25-29,2018,0
16,30-34,2018,0
16,35-39,2018,0
16,40-44,2018,0
16,45-49,2018,0
16,50-54,2018,0
16,55-59,2018,0
16,60-64,2018,0
16,65+,2018,0
16,Not Stated,2018,6
17,<20,2018,10
17,20-24,2018,7
17,25-29,2018,1
17,30-34,2018,0
17,35-39,2018,1
17,40-44,2018,0
17,45-49,2018,0
17,50-54,2018,0
17,55-59,2018,0
17,60-64,2018,0
17,65+,2018,0
17,Not Stated,2018,16
18,<20,2018,15
18,20-24,2018,21
18,25-29,2018,1
18,30-34,2018,1
18,35-39,2018,1
18,40-44,2018,0
18,45-49,2018,0
18,50-54,2018,0
18,55-59,2018,0
18,60-64,2018,0
18,65+,2018,0
18,Not Stated,2018,17
19,<20,2018,13
19,20-24,2018,38
19,25-29,2018,10
19,30-34,2018,4
19,35-39,2018,1
19,40-44,2018,0
19,45-49,2018,0
19,50-54,2018,0
19,55-59,2018,0
19,60-64,2018,0
19,65+,2018,0
19,Not Stated,2018,22
20,<20,2018,8
20,20-24,2018,69
20,25-29,2018,24
20,30-34,2018,4
20,35-39,2018,1
20,40-44,2018,1
20,45-49,2018,1
20,50-54,2018,0
20,55-59,2018,1
20,60-64,2018,0
20,65+,2018,0
20,Not Stated,2018,37
21,<20,2018,3
21,20-24,2018,72
21,25-29,2018,47
21,30-34,2018,13
21,35-39,2018,5
21,40-44,2018,1
21,45-49,2018,1
21,50-54,2018,1
21,55-59,2018,0
21,60-64,2018,0
21,65+,2018,0
21,Not Stated,2018,28
22,<20,2018,2
22,20-24,2018,97
22,25-29,2018,87
22,30-34,2018,17
22,35-39,2018,9
22,40-44,2018,3
22,45-49,2018,1
22,50-54,2018,0
22,55-59,2018,0
22,60-64,2018,0
22,65+,2018,0
22,Not Stated,2018,51
23,<20,2018,0
23,20-24,2018,85
23,25-29,2018,119
23,30-34,2018,25
23,35-39,2018,13
23,40-44,2018,6
23,45-49,2018,1
23,50-54,2018,0
23,55-59,2018,0
23,60-64,2018,0
23,65+,2018,0
23,Not Stated,2018,32
24,<20,2018,0
24,20-24,2018,60
24,25-29,2018,145
24,30-34,2018,49
24,35-39,2018,11
24,40-44,2018,1
24,45-49,2018,1
24,50-54,2018,0
24,55-59,2018,2
24,60-64,2018,0
24,65+,2018,0
24,Not Stated,2018,38
25,<20,2018,1
25,20-24,2018,45
25,25-29,2018,162
25,30-34,2018,68
25,35-39,2018,15
25,40-44,2018,4
25,45-49,2018,2
25,50-54,2018,2
25,55-59,2018,0
25,60-64,2018,0
25,65+,2018,0
25,Not Stated,2018,42
26,<20,2018,1
26,20-24,2018,24
26,25-29,2018,176
26,30-34,2018,88
26,35-39,2018,17
26,40-44,2018,7
26,45-49,2018,2
26,50-54,2018,0
26,55-59,2018,1
26,60-64,2018,0
26,65+,2018,0
26,Not Stated,2018,27
27,<20,2018,0
27,20-24,2018,18
27,25-29,2018,231
27,30-34,2018,124
27,35-39,2018,39
27,40-44,2018,8
27,45-49,2018,2
27,50-54,2018,1
27,55-59,2018,0
27,60-64,2018,0
27,65+,2018,1
27,Not Stated,2018,28
28,<20,2018,1
28,20-24,2018,8
28,25-29,2018,218
28,30-34,2018,173
28,35-39,2018,44
28,40-44,2018,16
28,45-49,2018,5
28,50-54,2018,2
28,55-59,2018,1
28,60-64,2018,0
28,65+,2018,0
28,Not Stated,2018,31
29,<20,2018,0
29,20-24,2018,6
29,25-29,2018,181
29,30-34,2018,283
29,35-39,2018,70
29,40-44,2018,21
29,45-49,2018,4
29,50-54,2018,4
29,55-59,2018,0
29,60-64,2018,0
29,65+,2018,0
29,Not Stated,2018,29
30,<20,2018,0
30,20-24,2018,4
30,25-29,2018,108
30,30-34,2018,286
30,35-39,2018,65
30,40-44,2018,19
30,45-49,2018,4
30,50-54,2018,1
30,55-59,2018,1
30,60-64,2018,0
30,65+,2018,0
30,Not Stated,2018,19
31,<20,2018,0
31,20-24,2018,1
31,25-29,2018,65
31,30-34,2018,329
31,35-39,2018,116
31,40-44,2018,24
31,45-49,2018,9
31,50-54,2018,1
31,55-59,2018,1
31,60-64,2018,0
31,65+,2018,0
31,Not Stated,2018,16
32,<20,2018,0
32,20-24,2018,3
32,25-29,2018,29
32,30-34,2018,270
32,35-39,2018,146
32,40-44,2018,35
32,45-49,2018,4
32,50-54,2018,0
32,55-59,2018,0
32,60-64,2018,1
32,65+,2018,1
32,Not Stated,2018,20
33,<20,2018,0
33,20-24,2018,5
33,25-29,2018,33
33,30-34,2018,238
33,35-39,2018,156
33,40-44,2018,44
33,45-49,2018,8
33,50-54,2018,3
33,55-59,2018,1
33,60-64,2018,0
33,65+,2018,0
33,Not Stated,2018,23
34,<20,2018,0
34,20-24,2018,2
34,25-29,2018,12
34,30-34,2018,162
34,35-39,2018,207
34,40-44,2018,47
34,45-49,2018,5
34,50-54,2018,0
34,55-59,2018,1
34,60-64,2018,0
34,65+,2018,0
34,Not Stated,2018,18
35,<20,2018,0
35,20-24,2018,3
35,25-29,2018,4
35,30-34,2018,79
35,35-39,2018,198
35,40-44,2018,46
35,45-49,2018,21
35,50-54,2018,4
35,55-59,2018,1
35,60-64,2018,1
35,65+,2018,0
35,Not Stated,2018,11
36,<20,2018,0
36,20-24,2018,1
36,25-29,2018,8
36,30-34,2018,72
36,35-39,2018,163
36,40-44,2018,57
36,45-49,2018,12
36,50-54,2018,5
36,55-59,2018,3
36,60-64,2018,0
36,65+,2018,0
36,Not Stated,2018,14
37,<20,2018,0
37,20-24,2018,0
37,25-29,2018,6
37,30-34,2018,36
37,35-39,2018,108
37,40-44,2018,60
37,45-49,2018,13
37,50-54,2018,5
37,55-59,2018,4
37,60-64,2018,0
37,65+,2018,0
37,Not Stated,2018,8
38,<20,2018,0
38,20-24,2018,0
38,25-29,2018,2
38,30-34,2018,13
38,35-39,2018,74
38,40-44,2018,65
38,45-49,2018,23
38,50-54,2018,3
38,55-59,2018,1
38,60-64,2018,0
38,65+,2018,0
38,Not Stated,2018,12
39,<20,2018,0
39,20-24,2018,0
39,25-29,2018,3
39,30-34,2018,1
39,35-39,2018,48
39,40-44,2018,52
39,45-49,2018,11
39,50-54,2018,10
39,55-59,2018,0
39,60-64,2018,0
39,65+,2018,0
39,Not Stated,2018,4
40,<20,2018,0
40,20-24,2018,0
40,25-29,2018,1
40,30-34,2018,1
40,35-39,2018,19
40,40-44,2018,41
40,45-49,2018,12
40,50-54,2018,2
40,55-59,2018,0
40,60-64,2018,0
40,65+,2018,0
40,Not Stated,2018,4
41,<20,2018,0
41,20-24,2018,0
41,25-29,2018,0
41,30-34,2018,3
41,35-39,2018,11
41,40-44,2018,23
41,45-49,2018,5
41,50-54,2018,5
41,55-59,2018,1
41,60-64,2018,1
41,65+,2018,0
41,Not Stated,2018,6
42,<20,2018,0
42,20-24,2018,0
42,25-29,2018,2
42,30-34,2018,2
42,35-39,2018,1
42,40-44,2018,10
42,45-49,2018,6
42,50-54,2018,5
42,55-59,2018,0
42,60-64,2018,0
42,65+,2018,1
42,Not Stated,2018,5
43,<20,2018,0
43,20-24,2018,0
43,25-29,2018,0
43,30-34,2018,0
43,35-39,2018,2
43,40-44,2018,4
43,45-49,2018,2
43,50-54,2018,2
43,55-59,2018,0
43,60-64,2018,0
43,65+,2018,0
43,Not Stated,2018,1
44,<20,2018,0
44,20-24,2018,0
44,25-29,2018,0
44,30-34,2018,0
44,35-39,2018,2
44,40-44,2018,1
44,45-49,2018,0
44,50-54,2018,0
44,55-59,2018,0
44,60-64,2018,0
44,65+,2018,0
44,Not Stated,2018,0
45,<20,2018,0
45,20-24,2018,0
45,25-29,2018,0
45,30-34,2018,1
45,35-39,2018,0
45,40-44,2018,0
45,45-49,2018,2
45,50-54,2018,0
45,55-59,2018,1
45,60-64,2018,0
45,65+,2018,1
45,Not Stated,2018,2
46,<20,2018,0
46,20-24,2018,0
46,25-29,2018,0
46,30-34,2018,0
46,35-39,2018,0
46,40-44,2018,0
46,45-49,2018,0
46,50-54,2018,0
46,55-59,2018,0
46,60-64,2018,0
46,65+,2018,0
46,Not Stated,2018,0
47,<20,2018,0
47,20-24,2018,0
47,25-29,2018,0
47,30-34,2018,0
47,35-39,2018,0
47,40-44,2018,0
47,45-49,2018,0
47,50-54,2018,0
47,55-59,2018,0
47,60-64,2018,0
47,65+,2018,0
47,Not Stated,2018,1
48,<20,2018,0
48,20-24,2018,0
48,25-29,2018,0
48,30-34,2018,0
48,35-39,2018,1
48,40-44,2018,0
48,45-49,2018,0
48,50-54,2018,0
48,55-59,2018,0
48,60-64,2018,0
48,65+,2018,0
48,Not Stated,2018,0
49,<20,2018,0
49,20-24,2018,0
49,25-29,2018,0
49,30-34,2018,0
49,35-39,2018,0
49,40-44,2018,0
49,45-49,2018,1
49,50-54,2018,0
49,55-59,2018,0
49,60-64,2018,0
49,65+,2018,0
49,Not Stated,2018,0
50,<20,2018,0
50,20-24,2018,0
50,25-29,2018,0
50,30-34,2018,0
50,35-39,2018,0
50,40-44,2018,0
50,45-49,2018,0
50,50-54,2018,0
50,55-59,2018,0
50,60-64,2018,0
50,65+,2018,0
50,Not Stated,2018,0
51,<20,2018,0
51,20-24,2018,0
51,25-29,2018,0
51,30-34,2018,0
51,35-39,2018,0
51,40-44,2018,0
51,45-49,2018,0
51,50-54,2018,0
51,55-59,2018,0
51,60-64,2018,0
51,65+,2018,0
51,Not Stated,2018,0
52,<20,2018,0
52,20-24,2018,0
52,25-29,2018,0
52,30-34,2018,0
52,35-39,2018,0
52,40-44,2018,0
52,45-49,2018,0
52,50-54,2018,0
52,55-59,2018,0
52,60-64,2018,0
52,65+,2018,0
52,Not Stated,2018,0
53,<20,2018,0
53,20-24,2018,0
53,25-29,2018,0
53,30-34,2018,0
53,35-39,2018,0
53,40-44,2018,0
53,45-49,2018,0
53,50-54,2018,0
53,55-59,2018,0
53,60-64,2018,0
53,65+,2018,0
53,Not Stated,2018,0
54,<20,2018,0
54,20-24,2018,0
54,25-29,2018,0
54,30-34,2018,0
54,35-39,2018,0
54,40-44,2018,0
54,45-49,2018,0
54,50-54,2018,0
54,55-59,2018,0
54,60-64,2018,0
54,65+,2018,0
54,Not Stated,2018,0
55,<20,2018,0
55,20-24,2018,0
55,25-29,2018,0
55,30-34,2018,0
55,35-39,2018,0
55,40-44,2018,0
55,45-49,2018,0
55,50-54,2018,0
55,55-59,2018,0
55,60-64,2018,0
55,65+,2018,0
55,Not Stated,2018,0
56,<20,2018,0
56,20-24,2018,0
56,25-29,2018,0
56,30-34,2018,0
56,35-39,2018,0
56,40-44,2018,0
56,45-49,2018,0
56,50-54,2018,0
56,55-59,2018,0
56,60-64,2018,0
56,65+,2018,0
56,Not Stated,2018,0
57,<20,2018,0
57,20-24,2018,0
57,25-29,2018,0
57,30-34,2018,0
57,35-39,2018,0
57,40-44,2018,0
57,45-49,2018,0
57,50-54,2018,0
57,55-59,2018,0
57,60-64,2018,0
57,65+,2018,0
57,Not Stated,2018,0
58,<20,2018,0
58,20-24,2018,0
58,25-29,2018,0
58,30-34,2018,0
58,35-39,2018,0
58,40-44,2018,0
58,45-49,2018,1
58,50-54,2018,0
58,55-59,2018,0
58,60-64,2018,0
58,65+,2018,0
58,Not Stated,2018,0
59,<20,2018,0
59,20-24,2018,0
59,25-29,2018,0
59,30-34,2018,0
59,35-39,2018,0
59,40-44,2018,0
59,45-49,2018,0
59,50-54,2018,0
59,55-59,2018,0
59,60-64,2018,0
59,65+,2018,0
59,Not Stated,2018,0
Not Stated,<20,2018,0
Not Stated,20-24,2018,0
Not Stated,25-29,2018,0
Not Stated,30-34,2018,0
Not Stated,35-39,2018,1
Not Stated,40-44,2018,0
Not Stated,45-49,2018,0
Not Stated,50-54,2018,0
Not Stated,55-59,2018,0
Not Stated,60-64,2018,0
Not Stated,65+,2018,0
Not Stated,Not Stated,2018,3
12,<20,2019,0
12,20-24,2019,0
12,25-29,2019,0
12,30-34,2019,0
12,35-39,2019,0
12,40-44,2019,0
12,45-49,2019,0
12,50-54,2019,0
12,55-59,2019,0
12,60-64,2019,0
12,65+,2019,0
12,Not Stated,2019,0
13,<20,2019,0
13,20-24,2019,0
13,25-29,2019,0
13,30-34,2019,0
13,35-39,2019,0
13,40-44,2019,0
13,45-49,2019,0
13,50-54,2019,0
13,55-59,2019,0
13,60-64,2019,0
13,65+,2019,0
13,Not Stated,2019,0
14,<20,2019,0
14,20-24,2019,0
14,25-29,2019,0
14,30-34,2019,0
14,35-39,2019,0
14,40-44,2019,0
14,45-49,2019,0
14,50-54,2019,0
14,55-59,2019,0
14,60-64,2019,0
14,65+,2019,0
14,Not Stated,2019,0
15,<20,2019,4
15,20-24,2019,0
15,25-29,2019,0
15,30-34,2019,0
15,35-39,2019,0
15,40-44,2019,0
15,45-49,2019,0
15,50-54,2019,0
15,55-59,2019,0
15,60-64,2019,0
15,65+,2019,0
15,Not Stated,2019,4
16,<20,2019,3
16,20-24,2019,3
16,25-29,2019,0
16,30-34,2019,0
16,35-39,2019,0
16,40-44,2019,0
16,45-49,2019,0
16,50-54,2019,0
16,55-59,2019,0
16,60-64,2019,0
16,65+,2019,0
16,Not Stated,2019,8
17,<20,2019,15
17,20-24,2019,5
17,25-29,2019,4
17,30-34,2019,0
17,35-39,2019,0
17,40-44,2019,1
17,45-49,2019,0
17,50-54,2019,0
17,55-59,2019,0
17,60-64,2019,0
17,65+,2019,0
17,Not Stated,2019,10
18,<20,2019,10
18,20-24,2019,22
18,25-29,2019,2
18,30-34,2019,2
18,35-39,2019,0
18,40-44,2019,0
18,45-49,2019,0
18,50-54,2019,0
18,55-59,2019,0
18,60-64,2019,0
18,65+,2019,0
18,Not Stated,2019,12
19,<20,2019,18
19,20-24,2019,45
19,25-29,2019,15
19,30-34,2019,3
19,35-39,2019,1
19,40-44,2019,2
19,45-49,2019,1
19,50-54,2019,0
19,55-59,2019,0
19,60-64,2019,0
19,65+,2019,0
19,Not Stated,2019,36
20,<20,2019,10
20,20-24,2019,66
20,25-29,2019,22
20,30-34,2019,4
20,35-39,2019,2
20,40-44,2019,1
20,45-49,2019,0
20,50-54,2019,0
20,55-59,2019,0
20,60-64,2019,0
20,65+,2019,0
20,Not Stated,2019,35
21,<20,2019,4
21,20-24,2019,106
21,25-29,2019,42
21,30-34,2019,7
21,35-39,2019,2
21,40-44,2019,2
21,45-49,2019,0
21,50-54,2019,1
21,55-59,2019,0
21,60-64,2019,0
21,65+,2019,0
21,Not Stated,2019,49
22,<20,2019,0
22,20-24,2019,84
22,25-29,2019,59
22,30-34,2019,18
22,35-39,2019,7
22,40-44,2019,2
22,45-49,2019,0
22,50-54,2019,1
22,55-59,2019,0
22,60-64,2019,0
22,65+,2019,0
22,Not Stated,2019,39
23,<20,2019,2
23,20-24,2019,83
23,25-29,2019,93
23,30-34,2019,29
23,35-39,2019,10
23,40-44,2019,5
23,45-49,2019,0
23,50-54,2019,0
23,55-59,2019,0
23,60-64,2019,0
23,65+,2019,0
23,Not Stated,2019,41
24,<20,2019,0
24,20-24,2019,52
24,25-29,2019,147
24,30-34,2019,41
24,35-39,2019,12
24,40-44,2019,5
24,45-49,2019,3
24,50-54,2019,0
24,55-59,2019,0
24,60-64,2019,0
24,65+,2019,0
24,Not Stated,2019,39
25,<20,2019,0
25,20-24,2019,39
25,25-29,2019,184
25,30-34,2019,82
25,35-39,2019,23
25,40-44,2019,1
25,45-49,2019,1
25,50-54,2019,1
25,55-59,2019,1
25,60-64,2019,0
25,65+,2019,0
25,Not Stated,2019,53
26,<20,2019,0
26,20-24,2019,29
26,25-29,2019,222
26,30-34,2019,93
26,35-39,2019,31
26,40-44,2019,7
26,45-49,2019,2
26,50-54,2019,2
26,55-59,2019,0
26,60-64,2019,0
26,65+,2019,0
26,Not Stated,2019,47
27,<20,2019,1
27,20-24,2019,16
27,25-29,2019,200
27,30-34,2019,137
27,35-39,2019,33
27,40-44,2019,15
27,45-49,2019,4
27,50-54,2019,0
27,55-59,2019,1
27,60-64,2019,1
27,65+,2019,0
27,Not Stated,2019,38
28,<20,2019,0
28,20-24,2019,12
28,25-29,2019,218
28,30-34,2019,184
28,35-39,2019,65
28,40-44,2019,16
28,45-49,2019,6
28,50-54,2019,0
28,55-59,2019,0
28,60-64,2019,0
28,65+,2019,0
28,Not Stated,2019,45
29,<20,2019,0
29,20-24,2019,9
29,25-29,2019,174
29,30-34,2019,258
29,35-39,2019,65
29,40-44,2019,13
29,45-49,2019,3
29,50-54,2019,1
29,55-59,2019,2
29,60-64,2019,0
29,65+,2019,0
29,Not Stated,2019,33
30,<20,2019,0
30,20-24,2019,6
30,25-29,2019,82
30,30-34,2019,342
30,35-39,2019,86
30,40-44,2019,20
30,45-49,2019,9
30,50-54,2019,0
30,55-59,2019,1
30,60-64,2019,0
30,65+,2019,0
30,Not Stated,2019,23
31,<20,2019,0
31,20-24,2019,4
31,25-29,2019,63
31,30-34,2019,317
31,35-39,2019,96
31,40-44,2019,29
31,45-49,2019,6
31,50-54,2019,2
31,55-59,2019,2
31,60-64,2019,0
31,65+,2019,0
31,Not Stated,2019,30
32,<20,2019,0
32,20-24,2019,3
32,25-29,2019,29
32,30-34,2019,309
32,35-39,2019,136
32,40-44,2019,38
32,45-49,2019,6
32,50-54,2019,2
32,55-59,2019,3
32,60-64,2019,0
32,65+,2019,0
32,Not Stated,2019,22
33,<20,2019,0
33,20-24,2019,1
33,25-29,2019,36
33,30-34,2019,231
33,35-39,2019,174
33,40-44,2019,39
33,45-49,2019,9
33,50-54,2019,5
33,55-59,2019,2
33,60-64,2019,0
33,65+,2019,0
33,Not Stated,2019,14
34,<20,2019,0
34,20-24,2019,2
34,25-29,2019,18
34,30-34,2019,159
34,35-39,2019,173
34,40-44,2019,42
34,45-49,2019,12
34,50-54,2019,1
34,55-59,2019,1
34,60-64,2019,0
34,65+,2019,0
34,Not Stated,2019,25
35,<20,2019,0
35,20-24,2019,1
35,25-29,2019,16
35,30-34,2019,98
35,35-39,2019,214
35,40-44,2019,54
35,45-49,2019,18
35,50-54,2019,6
35,55-59,2019,1
35,60-64,2019,1
35,65+,2019,0
35,Not Stated,2019,16
36,<20,2019,0
36,20-24,2019,1
36,25-29,2019,9
36,30-34,2019,62
36,35-39,2019,194
36,40-44,2019,56
36,45-49,2019,6
36,50-54,2019,1
36,55-59,2019,1
36,60-64,2019,1
36,65+,2019,0
36,Not Stated,2019,10
37,<20,2019,0
37,20-24,2019,1
37,25-29,2019,3
37,30-34,2019,30
37,35-39,2019,112
37,40-44,2019,57
37,45-49,2019,17
37,50-54,2019,3
37,55-59,2019,4
37,60-64,2019,0
37,65+,2019,0
37,Not Stated,2019,10
38,<20,2019,0
38,20-24,2019,0
38,25-29,2019,2
38,30-34,2019,22
38,35-39,2019,81
38,40-44,2019,47
38,45-49,2019,13
38,50-54,2019,3
38,55-59,2019,0
38,60-64,2019,0
38,65+,2019,0
38,Not Stated,2019,9
39,<20,2019,0
39,20-24,2019,2
39,25-29,2019,0
39,30-34,2019,12
39,35-39,2019,32
39,40-44,2019,51
39,45-49,2019,16
39,50-54,2019,0
39,55-59,2019,3
39,60-64,2019,0
39,65+,2019,0
39,Not Stated,2019,7
40,<20,2019,0
40,20-24,2019,0
40,25-29,2019,2
40,30-34,2019,7
40,35-39,2019,26
40,40-44,2019,38
40,45-49,2019,10
40,50-54,2019,4
40,55-59,2019,0
40,60-64,2019,0
40,65+,2019,0
40,Not Stated,2019,6
41,<20,2019,0
41,20-24,2019,0
41,25-29,2019,1
41,30-34,2019,8
41,35-39,2019,11
41,40-44,2019,24
41,45-49,2019,8
41,50-54,2019,3
41,55-59,2019,1
41,60-64,2019,0
41,65+,2019,0
41,Not Stated,2019,9
42,<20,2019,0
42,20-24,2019,0
42,25-29,2019,0
42,30-34,2019,0
42,35-39,2019,8
42,40-44,2019,6
42,45-49,2019,3
42,50-54,2019,2
42,55-59,2019,0
42,60-64,2019,0
42,65+,2019,0
42,Not Stated,2019,0
43,<20,2019,0
43,20-24,2019,0
43,25-29,2019,0
43,30-34,2019,1
43,35-39,2019,3
43,40-44,2019,6
43,45-49,2019,6
43,50-54,2019,4
43,55-59,2019,0
43,60-64,2019,0
43,65+,2019,0
43,Not Stated,2019,1
44,<20,2019,0
44,20-24,2019,0
44,25-29,2019,0
44,30-34,2019,0
44,35-39,2019,0
44,40-44,2019,4
44,45-49,2019,3
44,50-54,2019,1
44,55-59,2019,0
44,60-64,2019,0
44,65+,2019,0
44,Not Stated,2019,0
45,<20,2019,0
45,20-24,2019,0
45,25-29,2019,0
45,30-34,2019,0
45,35-39,2019,1
45,40-44,2019,2
45,45-49,2019,2
45,50-54,2019,1
45,55-59,2019,3
45,60-64,2019,1
45,65+,2019,0
45,Not Stated,2019,0
46,<20,2019,0
46,20-24,2019,0
46,25-29,2019,0
46,30-34,2019,0
46,35-39,2019,1
46,40-44,2019,0
46,45-49,2019,1
46,50-54,2019,0
46,55-59,2019,0
46,60-64,2019,0
46,65+,2019,0
46,Not Stated,2019,0
47,<20,2019,0
47,20-24,2019,0
47,25-29,2019,0
47,30-34,2019,0
47,35-39,2019,0
47,40-44,2019,1
47,45-49,2019,1
47,50-54,2019,0
47,55-59,2019,0
47,60-64,2019,0
47,65+,2019,0
47,Not Stated,2019,0
48,<20,2019,0
48,20-24,2019,0
48,25-29,2019,0
48,30-34,2019,0
48,35-39,2019,1
48,40-44,2019,0
48,45-49,2019,0
48,50-54,2019,0
48,55-59,2019,0
48,60-64,2019,0
48,65+,2019,0
48,Not Stated,2019,0
49,<20,2019,0
49,20-24,2019,0
49,25-29,2019,0
49,30-34,2019,0
49,35-39,2019,0
49,40-44,2019,0
49,45-49,2019,1
49,50-54,2019,0
49,55-59,2019,0
49,60-64,2019,0
49,65+,2019,0
49,Not Stated,2019,0
50,<20,2019,0
50,20-24,2019,0
50,25-29,2019,0
50,30-34,2019,1
50,35-39,2019,1
50,40-44,2019,0
50,45-49,2019,0
50,50-54,2019,0
50,55-59,2019,0
50,60-64,2019,0
50,65+,2019,0
50,Not Stated,2019,0
51,<20,2019,0
51,20-24,2019,0
51,25-29,2019,0
51,30-34,2019,0
51,35-39,2019,0
51,40-44,2019,0
51,45-49,2019,0
51,50-54,2019,0
51,55-59,2019,0
51,60-64,2019,0
51,65+,2019,0
51,Not Stated,2019,0
52,<20,2019,0
52,20-24,2019,0
52,25-29,2019,0
52,30-34,2019,0
52,35-39,2019,0
52,40-44,2019,0
52,45-49,2019,0
52,50-54,2019,0
52,55-59,2019,0
52,60-64,2019,0
52,65+,2019,0
52,Not Stated,2019,0
53,<20,2019,0
53,20-24,2019,0
53,25-29,2019,0
53,30-34,2019,0
53,35-39,2019,0
53,40-44,2019,0
53,45-49,2019,0
53,50-54,2019,0
53,55-59,2019,0
53,60-64,2019,0
53,65+,2019,0
53,Not Stated,2019,0
54,<20,2019,0
54,20-24,2019,0
54,25-29,2019,0
54,30-34,2019,0
54,35-39,2019,0
54,40-44,2019,0
54,45-49,2019,0
54,50-54,2019,0
54,55-59,2019,0
54,60-64,2019,0
54,65+,2019,0
54,Not Stated,2019,0
55,<20,2019,0
55,20-24,2019,0
55,25-29,2019,0
55,30-34,2019,0
55,35-39,2019,0
55,40-44,2019,0
55,45-49,2019,0
55,50-54,2019,0
55,55-59,2019,0
55,60-64,2019,0
55,65+,2019,0
55,Not Stated,2019,0
56,<20,2019,0
56,20-24,2019,0
56,25-29,2019,0
56,30-34,2019,0
56,35-39,2019,0
56,40-44,2019,0
56,45-49,2019,0
56,50-54,2019,0
56,55-59,2019,0
56,60-64,2019,0
56,65+,2019,0
56,Not Stated,2019,0
57,<20,2019,0
57,20-24,2019,0
57,25-29,2019,0
57,30-34,2019,0
57,35-39,2019,0
57,40-44,2019,0
57,45-49,2019,0
57,50-54,2019,0
57,55-59,2019,0
57,60-64,2019,0
57,65+,2019,0
57,Not Stated,2019,0
58,<20,2019,0
58,20-24,2019,0
58,25-29,2019,0
58,30-34,2019,0
58,35-39,2019,0
58,40-44,2019,0
58,45-49,2019,0
58,50-54,2019,0
58,55-59,2019,0
58,60-64,2019,0
58,65+,2019,0
58,Not Stated,2019,0
59,<20,2019,0
59,20-24,2019,0
59,25-29,2019,0
59,30-34,2019,0
59,35-39,2019,0
59,40-44,2019,0
59,45-49,2019,0
59,50-54,2019,0
59,55-59,2019,0
59,60-64,2019,0
59,65+,2019,0
59,Not Stated,2019,0
Not Stated,<20,2019,0
Not Stated,20-24,2019,0
Not Stated,25-29,2019,0
Not Stated,30-34,2019,0
Not Stated,35-39,2019,0
Not Stated,40-44,2019,0
Not Stated,45-49,2019,0
Not Stated,50-54,2019,0
Not Stated,55-59,2019,0
Not Stated,60-64,2019,0
Not Stated,65+,2019,0
Not Stated,Not Stated,2019,1
12,<20,2020,0
12,20-24,2020,0
12,25-29,2020,0
12,30-34,2020,0
12,35-39,2020,0
12,40-44,2020,0
12,45-49,2020,0
12,50-54,2020,0
12,55-59,2020,0
12,60-64,2020,0
12,65+,2020,0
12,Not Stated,2020,0
13,<20,2020,0
13,20-24,2020,0
13,25-29,2020,0
13,30-34,2020,0
13,35-39,2020,0
13,40-44,2020,0
13,45-49,2020,0
13,50-54,2020,0
13,55-59,2020,0
13,60-64,2020,0
13,65+,2020,0
13,Not Stated,2020,0
14,<20,2020,1
14,20-24,2020,0
14,25-29,2020,0
14,30-34,2020,0
14,35-39,2020,0
14,40-44,2020,0
14,45-49,2020,0
14,50-54,2020,0
14,55-59,2020,0
14,60-64,2020,0
14,65+,2020,0
14,Not Stated,2020,1
15,<20,2020,0
15,20-24,2020,0
15,25-29,2020,0
15,30-34,2020,0
15,35-39,2020,0
15,40-44,2020,0
15,45-49,2020,0
15,50-54,2020,0
15,55-59,2020,0
15,60-64,2020,0
15,65+,2020,0
15,Not Stated,2020,2
16,<20,2020,5
16,20-24,2020,2
16,25-29,2020,0
16,30-34,2020,0
16,35-39,2020,0
16,40-44,2020,0
16,45-49,2020,0
16,50-54,2020,0
16,55-59,2020,0
16,60-64,2020,0
16,65+,2020,0
16,Not Stated,2020,4
17,<20,2020,8
17,20-24,2020,6
17,25-29,2020,1
17,30-34,2020,0
17,35-39,2020,0
17,40-44,2020,0
17,45-49,2020,0
17,50-54,2020,0
17,55-59,2020,0
17,60-64,2020,0
17,65+,2020,0
17,Not Stated,2020,9
18,<20,2020,10
18,20-24,2020,16
18,25-29,2020,5
18,30-34,2020,0
18,35-39,2020,0
18,40-44,2020,0
18,45-49,2020,0
18,50-54,2020,0
18,55-59,2020,0
18,60-64,2020,0
18,65+,2020,0
18,Not Stated,2020,24
19,<20,2020,12
19,20-24,2020,33
19,25-29,2020,13
19,30-34,2020,2
19,35-39,2020,1
19,40-44,2020,0
19,45-49,2020,0
19,50-54,2020,0
19,55-59,2020,0
19,60-64,2020,0
19,65+,2020,0
19,Not Stated,2020,25
20,<20,2020,12
20,20-24,2020,55
20,25-29,2020,23
20,30-34,2020,4
20,35-39,2020,0
20,40-44,2020,1
20,45-49,2020,0
20,50-54,2020,0
20,55-59,2020,0
20,60-64,2020,0
20,65+,2020,0
20,Not Stated,2020,33
21,<20,2020,1
21,20-24,2020,54
21,25-29,2020,26
21,30-34,2020,10
21,35-39,2020,1
21,40-44,2020,1
21,45-49,2020,0
21,50-54,2020,1
21,55-59,2020,0
21,60-64,2020,0
21,65+,2020,0
21,Not Stated,2020,41
22,<20,2020,1
22,20-24,2020,65
22,25-29,2020,55
22,30-34,2020,12
22,35-39,2020,8
22,40-44,2020,2
22,45-49,2020,0
22,50-54,2020,0
22,55-59,2020,0
22,60-64,2020,0
22,65+,2020,0
22,Not Stated,2020,48
23,<20,2020,0
23,20-24,2020,74
23,25-29,2020,78
23,30-34,2020,22
23,35-39,2020,10
23,40-44,2020,3
23,45-49,2020,0
23,50-54,2020,0
23,55-59,2020,0
23,60-64,2020,0
23,65+,2020,0
23,Not Stated,2020,29
24,<20,2020,0
24,20-24,2020,47
24,25-29,2020,119
24,30-34,2020,39
24,35-39,2020,12
24,40-44,2020,2
24,45-49,2020,1
24,50-54,2020,0
24,55-59,2020,1
24,60-64,2020,0
24,65+,2020,0
24,Not Stated,2020,44
25,<20,2020,1
25,20-24,2020,37
25,25-29,2020,166
25,30-34,2020,57
25,35-39,2020,19
25,40-44,2020,9
25,45-49,2020,0
25,50-54,2020,0
25,55-59,2020,1
25,60-64,2020,0
25,65+,2020,0
25,Not Stated,2020,44
26,<20,2020,5
26,20-24,2020,18
26,25-29,2020,171
26,30-34,2020,97
26,35-39,2020,19
26,40-44,2020,3
26,45-49,2020,0
26,50-54,2020,1
26,55-59,2020,1
26,60-64,2020,0
26,65+,2020,0
26,Not Stated,2020,49
27,<20,2020,1
27,20-24,2020,15
27,25-29,2020,204
27,30-34,2020,130
27,35-39,2020,25
27,40-44,2020,7
27,45-49,2020,4
27,50-54,2020,6
27,55-59,2020,0
27,60-64,2020,0
27,65+,2020,0
27,Not Stated,2020,47
28,<20,2020,0
28,20-24,2020,9
28,25-29,2020,196
28,30-34,2020,196
28,35-39,2020,50
28,40-44,2020,7
28,45-49,2020,4
28,50-54,2020,3
28,55-59,2020,0
28,60-64,2020,0
28,65+,2020,0
28,Not Stated,2020,44
29,<20,2020,0
29,20-24,2020,5
29,25-29,2020,137
29,30-34,2020,241
29,35-39,2020,60
29,40-44,2020,19
29,45-49,2020,4
29,50-54,2020,2
29,55-59,2020,2
29,60-64,2020,0
29,65+,2020,0
29,Not Stated,2020,39
30,<20,2020,1
30,20-24,2020,8
30,25-29,2020,72
30,30-34,2020,290
30,35-39,2020,80
30,40-44,2020,24
30,45-49,2020,3
30,50-54,2020,3
30,55-59,2020,1
30,60-64,2020,0
30,65+,2020,0
30,Not Stated,2020,37
31,<20,2020,0
31,20-24,2020,2
31,25-29,2020,47
31,30-34,2020,326
31,35-39,2020,101
31,40-44,2020,28
31,45-49,2020,6
31,50-54,2020,2
31,55-59,2020,1
31,60-64,2020,1
31,65+,2020,0
31,Not Stated,2020,25
32,<20,2020,0
32,20-24,2020,3
32,25-29,2020,48
32,30-34,2020,294
32,35-39,2020,136
32,40-44,2020,30
32,45-49,2020,5
32,50-54,2020,0
32,55-59,2020,2
32,60-64,2020,0
32,65+,2020,0
32,Not Stated,2020,25
33,<20,2020,0
33,20-24,2020,3
33,25-29,2020,24
33,30-34,2020,268
33,35-39,2020,168
33,40-44,2020,31
33,45-49,2020,8
33,50-54,2020,8
33,55-59,2020,1
33,60-64,2020,1
33,65+,2020,0
33,Not Stated,2020,24
34,<20,2020,1
34,20-24,2020,2
34,25-29,2020,13
34,30-34,2020,158
34,35-39,2020,174
34,40-44,2020,56
34,45-49,2020,11
34,50-54,2020,1
34,55-59,2020,2
34,60-64,2020,0
34,65+,2020,0
34,Not Stated,2020,18
35,<20,2020,0
35,20-24,2020,0
35,25-29,2020,11
35,30-34,2020,97
35,35-39,2020,204
35,40-44,2020,51
35,45-49,2020,11
35,50-54,2020,5
35,55-59,2020,1
35,60-64,2020,0
35,65+,2020,0
35,Not Stated,2020,17
36,<20,2020,0
36,20-24,2020,0
36,25-29,2020,8
36,30-34,2020,43
36,35-39,2020,171
36,40-44,2020,55
36,45-49,2020,22
36,50-54,2020,4
36,55-59,2020,0
36,60-64,2020,0
36,65+,2020,0
36,Not Stated,2020,18
37,<20,2020,0
37,20-24,2020,1
37,25-29,2020,4
37,30-34,2020,38
37,35-39,2020,124
37,40-44,2020,55
37,45-49,2020,18
37,50-54,2020,4
37,55-59,2020,0
37,60-64,2020,0
37,65+,2020,0
37,Not Stated,2020,9
38,<20,2020,0
38,20-24,2020,1
38,25-29,2020,2
38,30-34,2020,24
38,35-39,2020,91
38,40-44,2020,57
38,45-49,2020,10
38,50-54,2020,3
38,55-59,2020,1
38,60-64,2020,0
38,65+,2020,1
38,Not Stated,2020,11
39,<20,2020,0
39,20-24,2020,0
39,25-29,2020,3
39,30-34,2020,16
39,35-39,2020,44
39,40-44,2020,56
39,45-49,2020,14
39,50-54,2020,4
39,55-59,2020,2
39,60-64,2020,0
39,65+,2020,0
39,Not Stated,2020,17
40,<20,2020,0
40,20-24,2020,0
40,25-29,2020,1
40,30-34,2020,2
40,35-39,2020,33
40,40-44,2020,47
40,45-49,2020,5
40,50-54,2020,3
40,55-59,2020,2
40,60-64,2020,1
40,65+,2020,0
40,Not Stated,2020,10
41,<20,2020,0
41,20-24,2020,0
41,25-29,2020,0
41,30-34,2020,6
41,35-39,2020,6
41,40-44,2020,29
41,45-49,2020,12
41,50-54,2020,5
41,55-59,2020,0
41,60-64,2020,1
41,65+,2020,0
41,Not Stated,2020,8
42,<20,2020,0
42,20-24,2020,0
42,25-29,2020,0
42,30-34,2020,2
42,35-39,2020,4
42,40-44,2020,15
42,45-49,2020,6
42,50-54,2020,1
42,55-59,2020,1
42,60-64,2020,0
42,65+,2020,0
42,Not Stated,2020,4
43,<20,2020,0
43,20-24,2020,0
43,25-29,2020,2
43,30-34,2020,2
43,35-39,2020,3
43,40-44,2020,3
43,45-49,2020,4
43,50-54,2020,1
43,55-59,2020,0
43,60-64,2020,0
43,65+,2020,0
43,Not Stated,2020,0
44,<20,2020,0
44,20-24,2020,0
44,25-29,2020,0
44,30-34,2020,1
44,35-39,2020,1
44,40-44,2020,4
44,45-49,2020,2
44,50-54,2020,0
44,55-59,2020,0
44,60-64,2020,0
44,65+,2020,0
44,Not Stated,2020,2
45,<20,2020,0
45,20-24,2020,0
45,25-29,2020,0
45,30-34,2020,0
45,35-39,2020,1
45,40-44,2020,0
45,45-49,2020,1
45,50-54,2020,0
45,55-59,2020,0
45,60-64,2020,0
45,65+,2020,0
45,Not Stated,2020,0
46,<20,2020,0
46,20-24,2020,0
46,25-29,2020,0
46,30-34,2020,0
46,35-39,2020,0
46,40-44,2020,1
46,45-49,2020,1
46,50-54,2020,0
46,55-59,2020,0
46,60-64,2020,1
46,65+,2020,0
46,Not Stated,2020,0
47,<20,2020,0
47,20-24,2020,0
47,25-29,2020,0
47,30-34,2020,0
47,35-39,2020,0
47,40-44,2020,0
47,45-49,2020,0
47,50-54,2020,0
47,55-59,2020,0
47,60-64,2020,0
47,65+,2020,0
47,Not Stated,2020,0
48,<20,2020,0
48,20-24,2020,0
48,25-29,2020,0
48,30-34,2020,0
48,35-39,2020,0
48,40-44,2020,0
48,45-49,2020,0
48,50-54,2020,0
48,55-59,2020,0
48,60-64,2020,0
48,65+,2020,0
48,Not Stated,2020,0
49,<20,2020,0
49,20-24,2020,0
49,25-29,2020,0
49,30-34,2020,0
49,35-39,2020,0
49,40-44,2020,0
49,45-49,2020,0
49,50-54,2020,0
49,55-59,2020,0
49,60-64,2020,0
49,65+,2020,0
49,Not Stated,2020,0
50,<20,2020,0
50,20-24,2020,0
50,25-29,2020,0
50,30-34,2020,0
50,35-39,2020,1
50,40-44,2020,0
50,45-49,2020,0
50,50-54,2020,0
50,55-59,2020,0
50,60-64,2020,0
50,65+,2020,0
50,Not Stated,2020,0
51,<20,2020,0
51,20-24,2020,0
51,25-29,2020,0
51,30-34,2020,0
51,35-39,2020,0
51,40-44,2020,0
51,45-49,2020,0
51,50-54,2020,1
51,55-59,2020,0
51,60-64,2020,0
51,65+,2020,0
51,Not Stated,2020,0
52,<20,2020,0
52,20-24,2020,0
52,25-29,2020,0
52,30-34,2020,0
52,35-39,2020,0
52,40-44,2020,0
52,45-49,2020,0
52,50-54,2020,0
52,55-59,2020,0
52,60-64,2020,0
52,65+,2020,0
52,Not Stated,2020,0
53,<20,2020,0
53,20-24,2020,0
53,25-29,2020,0
53,30-34,2020,0
53,35-39,2020,0
53,40-44,2020,0
53,45-49,2020,0
53,50-54,2020,0
53,55-59,2020,0
53,60-64,2020,0
53,65+,2020,0
53,Not Stated,2020,0
54,<20,2020,0
54,20-24,2020,0
54,25-29,2020,0
54,30-34,2020,0
54,35-39,2020,0
54,40-44,2020,0
54,45-49,2020,0
54,50-54,2020,0
54,55-59,2020,0
54,60-64,2020,0
54,65+,2020,0
55,<20,2020,0
55,20-24,2020,0
55,25-29,2020,0
55,30-34,2020,0
55,35-39,2020,0
55,40-44,2020,0
55,45-49,2020,0
55,50-54,2020,0
55,55-59,2020,0
55,60-64,2020,0
55,65+,2020,0
55,Not Stated,2020,0
55,Not Stated,2020,0
56,<20,2020,0
56,20-24,2020,0
56,25-29,2020,0
56,30-34,2020,0
56,35-39,2020,0
56,40-44,2020,0
56,45-49,2020,0
56,50-54,2020,0
56,55-59,2020,0
56,60-64,2020,0
56,65+,2020,0
56,Not Stated,2020,0
57,<20,2020,0
57,20-24,2020,0
57,25-29,2020,0
57,30-34,2020,0
57,35-39,2020,0
57,40-44,2020,0
57,45-49,2020,0
57,50-54,2020,0
57,55-59,2020,0
57,60-64,2020,0
57,65+,2020,0
57,Not Stated,2020,0
58,<20,2020,0
58,20-24,2020,0
58,25-29,2020,0
58,30-34,2020,0
58,35-39,2020,0
58,40-44,2020,0
58,45-49,2020,0
58,50-54,2020,0
58,55-59,2020,0
58,60-64,2020,0
58,65+,2020,0
58,Not Stated,2020,0
59,<20,2020,0
59,20-24,2020,0
59,25-29,2020,0
59,30-34,2020,0
59,35-39,2020,0
59,40-44,2020,0
59,45-49,2020,0
59,50-54,2020,0
59,55-59,2020,0
59,60-64,2020,0
59,65+,2020,0
59,Not Stated,2020,0
Not Stated,<20,2020,0
Not Stated,20-24,2020,0
Not Stated,25-29,2020,0
Not Stated,30-34,2020,0
Not Stated,35-39,2020,0
Not Stated,40-44,2020,0
Not Stated,45-49,2020,0
Not Stated,50-54,2020,1
Not Stated,55-59,2020,0
Not Stated,60-64,2020,0
Not Stated,65+,2020,0
Not Stated,Not Stated,2020,2
12,<20,2021,0
12,20-24,2021,0
12,25-29,2021,0
12,30-34,2021,0
12,35-39,2021,0
12,40-44,2021,0
12,45-49,2021,0
12,50-54,2021,0
12,55-59,2021,0
12,60-64,2021,0
12,65+,2021,0
12,Not Stated,2021,0
13,<20,2021,0
13,20-24,2021,0
13,25-29,2021,0
13,30-34,2021,0
13,35-39,2021,0
13,40-44,2021,0
13,45-49,2021,0
13,50-54,2021,0
13,55-59,2021,0
13,60-64,2021,0
13,65+,2021,0
13,Not Stated,2021,0
14,<20,2021,0
14,20-24,2021,0
14,25-29,2021,0
14,30-34,2021,0
14,35-39,2021,0
14,40-44,2021,0
14,45-49,2021,0
14,50-54,2021,0
14,55-59,2021,0
14,60-64,2021,0
14,65+,2021,0
14,Not Stated,2021,0
15,<20,2021,0
15,20-24,2021,0
15,25-29,2021,0
15,30-34,2021,0
15,35-39,2021,0
15,40-44,2021,0
15,45-49,2021,0
15,50-54,2021,0
15,55-59,2021,0
15,60-64,2021,0
15,65+,2021,0
15,Not Stated,2021,1
16,<20,2021,9
16,20-24,2021,0
16,25-29,2021,0
16,30-34,2021,0
16,35-39,2021,0
16,40-44,2021,0
16,45-49,2021,0
16,50-54,2021,0
16,55-59,2021,0
16,60-64,2021,0
16,65+,2021,0
16,Not Stated,2021,3
17,<20,2021,6
17,20-24,2021,6
17,25-29,2021,1
17,30-34,2021,0
17,35-39,2021,0
17,40-44,2021,0
17,45-49,2021,0
17,50-54,2021,1
17,55-59,2021,0
17,60-64,2021,0
17,65+,2021,0
17,Not Stated,2021,9
18,<20,2021,12
18,20-24,2021,14
18,25-29,2021,2
18,30-34,2021,1
18,35-39,2021,0
18,40-44,2021,0
18,45-49,2021,0
18,50-54,2021,0
18,55-59,2021,0
18,60-64,2021,0
18,65+,2021,0
18,Not Stated,2021,12
19,<20,2021,8
19,20-24,2021,29
19,25-29,2021,5
19,30-34,2021,2
19,35-39,2021,2
19,40-44,2021,1
19,45-49,2021,0
19,50-54,2021,0
19,55-59,2021,0
19,60-64,2021,0
19,65+,2021,0
19,Not Stated,2021,17
20,<20,2021,7
20,20-24,2021,46
20,25-29,2021,16
20,30-34,2021,5
20,35-39,2021,0
20,40-44,2021,0
20,45-49,2021,1
20,50-54,2021,0
20,55-59,2021,0
20,60-64,2021,1
20,65+,2021,0
20,Not Stated,2021,25
21,<20,2021,7
21,20-24,2021,58
21,25-29,2021,33
21,30-34,2021,8
21,35-39,2021,4
21,40-44,2021,1
21,45-49,2021,0
21,50-54,2021,0
21,55-59,2021,0
21,60-64,2021,0
21,65+,2021,0
21,Not Stated,2021,24
22,<20,2021,0
22,20-24,2021,67
22,25-29,2021,60
22,30-34,2021,14
22,35-39,2021,2
22,40-44,2021,1
22,45-49,2021,1
22,50-54,2021,0
22,55-59,2021,0
22,60-64,2021,0
22,65+,2021,0
22,Not Stated,2021,35
23,<20,2021,0
23,20-24,2021,72
23,25-29,2021,83
23,30-34,2021,24
23,35-39,2021,7
23,40-44,2021,0
23,45-49,2021,0
23,50-54,2021,1
23,55-59,2021,0
23,60-64,2021,0
23,65+,2021,0
23,Not Stated,2021,28
24,<20,2021,0
24,20-24,2021,57
24,25-29,2021,123
24,30-34,2021,30
24,35-39,2021,12
24,40-44,2021,2
24,45-49,2021,0
24,50-54,2021,0
24,55-59,2021,0
24,60-64,2021,0
24,65+,2021,0
24,Not Stated,2021,24
25,<20,2021,1
25,20-24,2021,35
25,25-29,2021,182
25,30-34,2021,48
25,35-39,2021,8
25,40-44,2021,4
25,45-49,2021,0
25,50-54,2021,0
25,55-59,2021,0
25,60-64,2021,0
25,65+,2021,0
25,Not Stated,2021,44
26,<20,2021,0
26,20-24,2021,23
26,25-29,2021,200
26,30-34,2021,72
26,35-39,2021,21
26,40-44,2021,4
26,45-49,2021,3
26,50-54,2021,0
26,55-59,2021,1
26,60-64,2021,0
26,65+,2021,0
26,Not Stated,2021,29
27,<20,2021,0
27,20-24,2021,11
27,25-29,2021,205
27,30-34,2021,131
27,35-39,2021,29
27,40-44,2021,10
27,45-49,2021,2
27,50-54,2021,1
27,55-59,2021,0
27,60-64,2021,0
27,65+,2021,0
27,Not Stated,2021,39
28,<20,2021,0
28,20-24,2021,6
28,25-29,2021,190
28,30-34,2021,205
28,35-39,2021,46
28,40-44,2021,6
28,45-49,2021,2
28,50-54,2021,0
28,55-59,2021,0
28,60-64,2021,0
28,65+,2021,0
28,Not Stated,2021,30
29,<20,2021,0
29,20-24,2021,10
29,25-29,2021,145
29,30-34,2021,249
29,35-39,2021,65
29,40-44,2021,8
29,45-49,2021,3
29,50-54,2021,3
29,55-59,2021,0
29,60-64,2021,0
29,65+,2021,0
29,Not Stated,2021,25
30,<20,2021,0
30,20-24,2021,2
30,25-29,2021,101
30,30-34,2021,367
30,35-39,2021,86
30,40-44,2021,21
30,45-49,2021,6
30,50-54,2021,1
30,55-59,2021,0
30,60-64,2021,0
30,65+,2021,0
30,Not Stated,2021,18
31,<20,2021,0
31,20-24,2021,5
31,25-29,2021,58
31,30-34,2021,328
31,35-39,2021,129
31,40-44,2021,23
31,45-49,2021,7
31,50-54,2021,2
31,55-59,2021,0
31,60-64,2021,0
31,65+,2021,0
31,Not Stated,2021,23
32,<20,2021,0
32,20-24,2021,2
32,25-29,2021,32
32,30-34,2021,337
32,35-39,2021,151
32,40-44,2021,36
32,45-49,2021,6
32,50-54,2021,3
32,55-59,2021,0
32,60-64,2021,0
32,65+,2021,0
32,Not Stated,2021,22
33,<20,2021,0
33,20-24,2021,1
33,25-29,2021,12
33,30-34,2021,249
33,35-39,2021,192
33,40-44,2021,37
33,45-49,2021,6
33,50-54,2021,0
33,55-59,2021,0
33,60-64,2021,1
33,65+,2021,0
33,Not Stated,2021,19
34,<20,2021,0
34,20-24,2021,3
34,25-29,2021,15
34,30-34,2021,184
34,35-39,2021,206
34,40-44,2021,48
34,45-49,2021,10
34,50-54,2021,3
34,55-59,2021,0
34,60-64,2021,1
34,65+,2021,0
34,Not Stated,2021,15
35,<20,2021,0
35,20-24,2021,0
35,25-29,2021,6
35,30-34,2021,79
35,35-39,2021,210
35,40-44,2021,54
35,45-49,2021,15
35,50-54,2021,5
35,55-59,2021,3
35,60-64,2021,0
35,65+,2021,1
35,Not Stated,2021,14
36,<20,2021,0
36,20-24,2021,0
36,25-29,2021,8
36,30-34,2021,52
36,35-39,2021,169
36,40-44,2021,56
36,45-49,2021,19
36,50-54,2021,6
36,55-59,2021,0
36,60-64,2021,0
36,65+,2021,0
36,Not Stated,2021,19
37,<20,2021,0
37,20-24,2021,2
37,25-29,2021,8
37,30-34,2021,24
37,35-39,2021,140
37,40-44,2021,56
37,45-49,2021,15
37,50-54,2021,2
37,55-59,2021,2
37,60-64,2021,0
37,65+,2021,0
37,Not Stated,2021,7
38,<20,2021,0
38,20-24,2021,1
38,25-29,2021,4
38,30-34,2021,15
38,35-39,2021,83
38,40-44,2021,48
38,45-49,2021,21
38,50-54,2021,5
38,55-59,2021,1
38,60-64,2021,0
38,65+,2021,0
38,Not Stated,2021,8
39,<20,2021,0
39,20-24,2021,0
39,25-29,2021,3
39,30-34,2021,11
39,35-39,2021,41
39,40-44,2021,44
39,45-49,2021,13
39,50-54,2021,11
39,55-59,2021,2
39,60-64,2021,1
39,65+,2021,0
39,Not Stated,2021,5
40,<20,2021,0
40,20-24,2021,0
40,25-29,2021,2
40,30-34,2021,7
40,35-39,2021,32
40,40-44,2021,47
40,45-49,2021,4
40,50-54,2021,2
40,55-59,2021,1
40,60-64,2021,1
40,65+,2021,0
40,Not Stated,2021,6
41,<20,2021,0
41,20-24,2021,0
41,25-29,2021,1
41,30-34,2021,5
41,35-39,2021,13
41,40-44,2021,36
41,45-49,2021,14
41,50-54,2021,6
41,55-59,2021,0
41,60-64,2021,0
41,65+,2021,0
41,Not Stated,2021,2
42,<20,2021,0
42,20-24,2021,0
42,25-29,2021,0
42,30-34,2021,1
42,35-39,2021,7
42,40-44,2021,8
42,45-49,2021,8
42,50-54,2021,1
42,55-59,2021,1
42,60-64,2021,0
42,65+,2021,0
42,Not Stated,2021,4
43,<20,2021,0
43,20-24,2021,0
43,25-29,2021,1
43,30-34,2021,0
43,35-39,2021,1
43,40-44,2021,5
43,45-49,2021,7
43,50-54,2021,1
43,55-59,2021,0
43,60-64,2021,0
43,65+,2021,0
43,Not Stated,2021,2
44,<20,2021,0
44,20-24,2021,0
44,25-29,2021,0
44,30-34,2021,0
44,35-39,2021,0
44,40-44,2021,3
44,45-49,2021,5
44,50-54,2021,1
44,55-59,2021,0
44,60-64,2021,0
44,65+,2021,0
44,Not Stated,2021,0
45,<20,2021,0
45,20-24,2021,0
45,25-29,2021,0
45,30-34,2021,0
45,35-39,2021,1
45,40-44,2021,0
45,45-49,2021,2
45,50-54,2021,0
45,55-59,2021,0
45,60-64,2021,0
45,65+,2021,0
45,Not Stated,2021,0
46,<20,2021,0
46,20-24,2021,0
46,25-29,2021,0
46,30-34,2021,0
46,35-39,2021,0
46,40-44,2021,0
46,45-49,2021,0
46,50-54,2021,0
46,55-59,2021,1
46,60-64,2021,0
46,65+,2021,0
46,Not Stated,2021,0
47,<20,2021,0
47,20-24,2021,0
47,25-29,2021,0
47,30-34,2021,0
47,35-39,2021,0
47,40-44,2021,0
47,45-49,2021,0
47,50-54,2021,0
47,55-59,2021,0
47,60-64,2021,0
47,65+,2021,0
47,Not Stated,2021,0
48,<20,2021,0
48,20-24,2021,0
48,25-29,2021,0
48,30-34,2021,0
48,35-39,2021,0
48,40-44,2021,0
48,45-49,2021,0
48,50-54,2021,0
48,55-59,2021,1
48,60-64,2021,0
48,65+,2021,0
48,Not Stated,2021,0
49,<20,2021,0
49,20-24,2021,0
49,25-29,2021,0
49,30-34,2021,0
49,35-39,2021,0
49,40-44,2021,0
49,45-49,2021,0
49,50-54,2021,0
49,55-59,2021,1
49,60-64,2021,0
49,65+,2021,0
49,Not Stated,2021,0
50,<20,2021,0
50,20-24,2021,0
50,25-29,2021,0
50,30-34,2021,0
50,35-39,2021,1
50,40-44,2021,0
50,45-49,2021,0
50,50-54,2021,0
50,55-59,2021,0
50,60-64,2021,0
50,65+,2021,0
50,Not Stated,2021,0
51,<20,2021,0
51,20-24,2021,0
51,25-29,2021,0
51,30-34,2021,0
51,35-39,2021,0
51,40-44,2021,0
51,45-49,2021,0
51,50-54,2021,0
51,55-59,2021,0
51,60-64,2021,0
51,65+,2021,0
51,Not Stated,2021,0
52,<20,2021,0
52,20-24,2021,0
52,25-29,2021,0
52,30-34,2021,0
52,35-39,2021,0
52,40-44,2021,0
52,45-49,2021,0
52,50-54,2021,0
52,55-59,2021,0
52,60-64,2021,0
52,65+,2021,0
52,Not Stated,2021,0
53,<20,2021,0
53,20-24,2021,0
53,25-29,2021,0
53,30-34,2021,0
53,35-39,2021,0
53,40-44,2021,0
53,45-49,2021,0
53,50-54,2021,0
53,55-59,2021,0
53,60-64,2021,0
53,65+,2021,0
53,Not Stated,2021,0
54,<20,2021,0
54,20-24,2021,0
54,25-29,2021,0
54,30-34,2021,0
54,35-39,2021,0
54,40-44,2021,0
54,45-49,2021,0
54,50-54,2021,0
54,55-59,2021,0
54,60-64,2021,0
54,65+,2021,0
54,Not Stated,2021,0
55,<20,2021,0
55,20-24,2021,0
55,25-29,2021,0
55,30-34,2021,0
55,35-39,2021,0
55,40-44,2021,0
55,45-49,2021,0
55,50-54,2021,0
55,55-59,2021,0
55,60-64,2021,0
55,65+,2021,0
55,Not Stated,2021,0
56,<20,2021,0
56,20-24,2021,0
56,25-29,2021,0
56,30-34,2021,0
56,35-39,2021,0
56,40-44,2021,0
56,45-49,2021,0
56,50-54,2021,0
56,55-59,2021,0
56,60-64,2021,0
56,65+,2021,0
56,Not Stated,2021,0
57,<20,2021,0
57,20-24,2021,0
57,25-29,2021,0
57,30-34,2021,0
57,35-39,2021,0
57,40-44,2021,0
57,45-49,2021,0
57,50-54,2021,0
57,55-59,2021,0
57,60-64,2021,0
57,65+,2021,0
57,Not Stated,2021,0
58,<20,2021,0
58,20-24,2021,0
58,25-29,2021,0
58,30-34,2021,0
58,35-39,2021,0
58,40-44,2021,0
58,45-49,2021,0
58,50-54,2021,0
58,55-59,2021,0
58,60-64,2021,0
58,65+,2021,0
58,Not Stated,2021,0
59,<20,2021,0
59,20-24,2021,0
59,25-29,2021,0
59,30-34,2021,0
59,35-39,2021,0
59,40-44,2021,0
59,45-49,2021,0
59,50-54,2021,0
59,55-59,2021,0
59,60-64,2021,0
59,65+,2021,0
59,Not Stated,2021,0
Not Stated,<20,2021,0
Not Stated,20-24,2021,0
Not Stated,25-29,2021,0
Not Stated,30-34,2021,0
Not Stated,35-39,2021,0
Not Stated,40-44,2021,0
Not Stated,45-49,2021,0
Not Stated,50-54,2021,0
Not Stated,55-59,2021,0
Not Stated,60-64,2021,0
Not Stated,65+,2021,0
Not Stated,Not Stated,2021,1
12,<20,2022,0
12,20-24,2022,0
12,25-29,2022,0
12,30-34,2022,0
12,35-39,2022,0
12,40-44,2022,0
12,45-49,2022,0
12,50-54,2022,0
12,55-59,2022,0
12,60-64,2022,0
12,65+,2022,0
12,Not Stated,2022,0
13,<20,2022,0
13,20-24,2022,0
13,25-29,2022,0
13,30-34,2022,0
13,35-39,2022,0
13,40-44,2022,0
13,45-49,2022,0
13,50-54,2022,0
13,55-59,2022,0
13,60-64,2022,0
13,65+,2022,0
13,Not Stated,2022,1
14,<20,2022,0
14,20-24,2022,0
14,25-29,2022,0
14,30-34,2022,0
14,35-39,2022,0
14,40-44,2022,0
14,45-49,2022,0
14,50-54,2022,0
14,55-59,2022,0
14,60-64,2022,0
14,65+,2022,0
14,Not Stated,2022,1
15,<20,2022,0
15,20-24,2022,0
15,25-29,2022,0
15,30-34,2022,0
15,35-39,2022,0
15,40-44,2022,0
15,45-49,2022,0
15,50-54,2022,0
15,55-59,2022,0
15,60-64,2022,0
15,65+,2022,0
15,Not Stated,2022,0
16,<20,2022,4
16,20-24,2022,0
16,25-29,2022,1
16,30-34,2022,0
16,35-39,2022,0
16,40-44,2022,0
16,45-49,2022,0
16,50-54,2022,0
16,55-59,2022,0
16,60-64,2022,0
16,65+,2022,0
16,Not Stated,2022,2
17,<20,2022,10
17,20-24,2022,9
17,25-29,2022,0
17,30-34,2022,0
17,35-39,2022,1
17,40-44,2022,0
17,45-49,2022,0
17,50-54,2022,0
17,55-59,2022,0
17,60-64,2022,0
17,65+,2022,0
17,Not Stated,2022,7
18,<20,2022,11
18,20-24,2022,5
18,25-29,2022,5
18,30-34,2022,2
18,35-39,2022,0
18,40-44,2022,0
18,45-49,2022,1
18,50-54,2022,0
18,55-59,2022,0
18,60-64,2022,0
18,65+,2022,0
18,Not Stated,2022,9
19,<20,2022,9
19,20-24,2022,30
19,25-29,2022,6
19,30-34,2022,1
19,35-39,2022,0
19,40-44,2022,0
19,45-49,2022,0
19,50-54,2022,0
19,55-59,2022,0
19,60-64,2022,0
19,65+,2022,0
19,Not Stated,2022,20
20,<20,2022,7
20,20-24,2022,40
20,25-29,2022,22
20,30-34,2022,1
20,35-39,2022,1
20,40-44,2022,0
20,45-49,2022,1
20,50-54,2022,0
20,55-59,2022,0
20,60-64,2022,0
20,65+,2022,0
20,Not Stated,2022,14
21,<20,2022,2
21,20-24,2022,57
21,25-29,2022,21
21,30-34,2022,5
21,35-39,2022,3
21,40-44,2022,0
21,45-49,2022,0
21,50-54,2022,0
21,55-59,2022,0
21,60-64,2022,0
21,65+,2022,0
21,Not Stated,2022,24
22,<20,2022,2
22,20-24,2022,59
22,25-29,2022,46
22,30-34,2022,14
22,35-39,2022,4
22,40-44,2022,2
22,45-49,2022,0
22,50-54,2022,0
22,55-59,2022,0
22,60-64,2022,0
22,65+,2022,0
22,Not Stated,2022,32
23,<20,2022,2
23,20-24,2022,69
23,25-29,2022,59
23,30-34,2022,29
23,35-39,2022,7
23,40-44,2022,1
23,45-49,2022,1
23,50-54,2022,0
23,55-59,2022,0
23,60-64,2022,0
23,65+,2022,0
23,Not Stated,2022,37
24,<20,2022,1
24,20-24,2022,53
24,25-29,2022,93
24,30-34,2022,30
24,35-39,2022,10
24,40-44,2022,3
24,45-49,2022,1
24,50-54,2022,0
24,55-59,2022,0
24,60-64,2022,0
24,65+,2022,0
24,Not Stated,2022,35
25,<20,2022,0
25,20-24,2022,42
25,25-29,2022,149
25,30-34,2022,48
25,35-39,2022,15
25,40-44,2022,7
25,45-49,2022,1
25,50-54,2022,2
25,55-59,2022,0
25,60-64,2022,0
25,65+,2022,0
25,Not Stated,2022,24
26,<20,2022,0
26,20-24,2022,17
26,25-29,2022,194
26,30-34,2022,99
26,35-39,2022,15
26,40-44,2022,9
26,45-49,2022,1
26,50-54,2022,1
26,55-59,2022,0
26,60-64,2022,1
26,65+,2022,0
26,Not Stated,2022,37
27,<20,2022,0
27,20-24,2022,9
27,25-29,2022,192
27,30-34,2022,121
27,35-39,2022,37
27,40-44,2022,8
27,45-49,2022,3
27,50-54,2022,2
27,55-59,2022,0
27,60-64,2022,0
27,65+,2022,0
27,Not Stated,2022,46
28,<20,2022,0
28,20-24,2022,7
28,25-29,2022,189
28,30-34,2022,175
28,35-39,2022,60
28,40-44,2022,4
28,45-49,2022,3
28,50-54,2022,2
28,55-59,2022,0
28,60-64,2022,0
28,65+,2022,0
28,Not Stated,2022,31
29,<20,2022,0
29,20-24,2022,10
29,25-29,2022,129
29,30-34,2022,240
29,35-39,2022,63
29,40-44,2022,14
29,45-49,2022,4
29,50-54,2022,1
29,55-59,2022,0
29,60-64,2022,0
29,65+,2022,0
29,Not Stated,2022,24
30,<20,2022,0
30,20-24,2022,1
30,25-29,2022,80
30,30-34,2022,348
30,35-39,2022,96
30,40-44,2022,20
30,45-49,2022,3
30,50-54,2022,1
30,55-59,2022,0
30,60-64,2022,0
30,65+,2022,0
30,Not Stated,2022,31
31,<20,2022,0
31,20-24,2022,3
31,25-29,2022,55
31,30-34,2022,327
31,35-39,2022,113
31,40-44,2022,20
31,45-49,2022,9
31,50-54,2022,0
31,55-59,2022,2
31,60-64,2022,0
31,65+,2022,1
31,Not Stated,2022,29
32,<20,2022,0
32,20-24,2022,0
32,25-29,2022,22
32,30-34,2022,334
32,35-39,2022,165
32,40-44,2022,38
32,45-49,2022,10
32,50-54,2022,1
32,55-59,2022,1
32,60-64,2022,0
32,65+,2022,1
32,Not Stated,2022,14
33,<20,2022,0
33,20-24,2022,2
33,25-29,2022,20
33,30-34,2022,252
33,35-39,2022,179
33,40-44,2022,46
33,45-49,2022,14
33,50-54,2022,2
33,55-59,2022,1
33,60-64,2022,0
33,65+,2022,0
33,Not Stated,2022,25
34,<20,2022,0
34,20-24,2022,0
34,25-29,2022,9
34,30-34,2022,186
34,35-39,2022,209
34,40-44,2022,45
34,45-49,2022,13
34,50-54,2022,1
34,55-59,2022,3
34,60-64,2022,0
34,65+,2022,2
34,Not Stated,2022,15
35,<20,2022,0
35,20-24,2022,1
35,25-29,2022,7
35,30-34,2022,114
35,35-39,2022,232
35,40-44,2022,49
35,45-49,2022,4
35,50-54,2022,4
35,55-59,2022,1
35,60-64,2022,2
35,65+,2022,0
35,Not Stated,2022,19
36,<20,2022,0
36,20-24,2022,0
36,25-29,2022,2
36,30-34,2022,72
36,35-39,2022,173
36,40-44,2022,62
36,45-49,2022,19
36,50-54,2022,6
36,55-59,2022,1
36,60-64,2022,1
36,65+,2022,0
36,Not Stated,2022,11
37,<20,2022,0
37,20-24,2022,1
37,25-29,2022,4
37,30-34,2022,30
37,35-39,2022,124
37,40-44,2022,60
37,45-49,2022,16
37,50-54,2022,5
37,55-59,2022,0
37,60-64,2022,0
37,65+,2022,0
37,Not Stated,2022,12
38,<20,2022,0
38,20-24,2022,2
38,25-29,2022,4
38,30-34,2022,21
38,35-39,2022,82
38,40-44,2022,70
38,45-49,2022,12
38,50-54,2022,4
38,55-59,2022,0
38,60-64,2022,0
38,65+,2022,0
38,Not Stated,2022,14
39,<20,2022,0
39,20-24,2022,1
39,25-29,2022,7
39,30-34,2022,13
39,35-39,2022,68
39,40-44,2022,61
39,45-49,2022,29
39,50-54,2022,0
39,55-59,2022,1
39,60-64,2022,0
39,65+,2022,0
39,Not Stated,2022,6
40,<20,2022,0
40,20-24,2022,0
40,25-29,2022,2
40,30-34,2022,3
40,35-39,2022,43
40,40-44,2022,53
40,45-49,2022,15
40,50-54,2022,5
40,55-59,2022,3
40,60-64,2022,1
40,65+,2022,0
40,Not Stated,2022,5
41,<20,2022,0
41,20-24,2022,0
41,25-29,2022,1
41,30-34,2022,3
41,35-39,2022,11
41,40-44,2022,32
41,45-49,2022,9
41,50-54,2022,1
41,55-59,2022,1
41,60-64,2022,0
41,65+,2022,0
41,Not Stated,2022,5
42,<20,2022,0
42,20-24,2022,0
42,25-29,2022,2
42,30-34,2022,1
42,35-39,2022,5
42,40-44,2022,14
42,45-49,2022,6
42,50-54,2022,2
42,55-59,2022,0
42,60-64,2022,0
42,65+,2022,0
42,Not Stated,2022,1
43,<20,2022,0
43,20-24,2022,0
43,25-29,2022,0
43,30-34,2022,0
43,35-39,2022,6
43,40-44,2022,10
43,45-49,2022,4
43,50-54,2022,1
43,55-59,2022,0
43,60-64,2022,0
43,65+,2022,0
43,Not Stated,2022,1
44,<20,2022,0
44,20-24,2022,0
44,25-29,2022,0
44,30-34,2022,0
44,35-39,2022,0
44,40-44,2022,2
44,45-49,2022,3
44,50-54,2022,0
44,55-59,2022,2
44,60-64,2022,0
44,65+,2022,0
44,Not Stated,2022,0
45,<20,2022,0
45,20-24,2022,0
45,25-29,2022,0
45,30-34,2022,1
45,35-39,2022,0
45,40-44,2022,4
45,45-49,2022,2
45,50-54,2022,1
45,55-59,2022,1
45,60-64,2022,0
45,65+,2022,0
45,Not Stated,2022,0
46,<20,2022,0
46,20-24,2022,0
46,25-29,2022,0
46,30-34,2022,0
46,35-39,2022,0
46,40-44,2022,1
46,45-49,2022,0
46,50-54,2022,0
46,55-59,2022,0
46,60-64,2022,0
46,65+,2022,0
46,Not Stated,2022,0
47,<20,2022,0
47,20-24,2022,0
47,25-29,2022,0
47,30-34,2022,0
47,35-39,2022,0
47,40-44,2022,1
47,45-49,2022,0
47,50-54,2022,0
47,55-59,2022,0
47,60-64,2022,0
47,65+,2022,0
47,Not Stated,2022,0
48,<20,2022,0
48,20-24,2022,0
48,25-29,2022,0
48,30-34,2022,0
48,35-39,2022,0
48,40-44,2022,0
48,45-49,2022,0
48,50-54,2022,0
48,55-59,2022,0
48,60-64,2022,0
48,65+,2022,0
48,Not Stated,2022,0
49,<20,2022,0
49,20-24,2022,0
49,25-29,2022,0
49,30-34,2022,0
49,35-39,2022,0
49,40-44,2022,0
49,45-49,2022,0
49,50-54,2022,0
49,55-59,2022,0
49,60-64,2022,0
49,65+,2022,0
49,Not Stated,2022,0
50,<20,2022,0
50,20-24,2022,0
50,25-29,2022,0
50,30-34,2022,0
50,35-39,2022,0
50,40-44,2022,0
50,45-49,2022,2
50,50-54,2022,0
50,55-59,2022,0
50,60-64,2022,0
50,65+,2022,0
50,Not Stated,2022,0
51,<20,2022,0
51,20-24,2022,0
51,25-29,2022,0
51,30-34,2022,0
51,35-39,2022,0
51,40-44,2022,0
51,45-49,2022,0
51,50-54,2022,0
51,55-59,2022,2
51,60-64,2022,0
51,65+,2022,0
51,Not Stated,2022,0
52,<20,2022,0
52,20-24,2022,0
52,25-29,2022,0
52,30-34,2022,0
52,35-39,2022,0
52,40-44,2022,0
52,45-49,2022,0
52,50-54,2022,0
52,55-59,2022,0
52,60-64,2022,0
52,65+,2022,0
52,Not Stated,2022,0
53,<20,2022,0
53,20-24,2022,0
53,25-29,2022,0
53,30-34,2022,0
53,35-39,2022,0
53,40-44,2022,0
53,45-49,2022,0
53,50-54,2022,0
53,55-59,2022,0
53,60-64,2022,0
53,65+,2022,0
53,Not Stated,2022,0
54,<20,2022,0
54,20-24,2022,0
54,25-29,2022,0
54,30-34,2022,0
54,35-39,2022,0
54,40-44,2022,0
54,45-49,2022,0
54,50-54,2022,0
54,55-59,2022,0
54,60-64,2022,0
54,65+,2022,0
54,Not Stated,2022,0
55,<20,2022,0
55,20-24,2022,0
55,25-29,2022,0
55,30-34,2022,0
55,35-39,2022,0
55,40-44,2022,0
55,45-49,2022,0
55,50-54,2022,0
55,55-59,2022,0
55,60-64,2022,0
55,65+,2022,0
55,Not Stated,2022,0
56,<20,2022,0
56,20-24,2022,0
56,25-29,2022,0
56,30-34,2022,0
56,35-39,2022,0
56,40-44,2022,0
56,45-49,2022,0
56,50-54,2022,0
56,55-59,2022,0
56,60-64,2022,0
56,65+,2022,0
56,Not Stated,2022,0
57,<20,2022,0
57,20-24,2022,0
57,25-29,2022,0
57,30-34,2022,0
57,35-39,2022,0
57,40-44,2022,0
57,45-49,2022,0
57,50-54,2022,0
57,55-59,2022,0
57,60-64,2022,0
57,65+,2022,0
57,Not Stated,2022,0
58,<20,2022,0
58,20-24,2022,0
58,25-29,2022,0
58,30-34,2022,0
58,35-39,2022,0
58,40-44,2022,0
58,45-49,2022,0
58,50-54,2022,0
58,55-59,2022,0
58,60-64,2022,0
58,65+,2022,0
58,Not Stated,2022,0
59,<20,2022,0
59,20-24,2022,0
59,25-29,2022,0
59,30-34,2022,0
59,35-39,2022,0
59,40-44,2022,0
59,45-49,2022,0
59,50-54,2022,0
59,55-59,2022,0
59,60-64,2022,0
59,65+,2022,0
59,Not Stated,2022,0
Not Stated,<20,2022,0
Not Stated,20-24,2022,0
Not Stated,25-29,2022,0
Not Stated,30-34,2022,0
Not Stated,35-39,2022,0
Not Stated,40-44,2022,2
Not Stated,45-49,2022,0
Not Stated,50-54,2022,0
Not Stated,55-59,2022,0
Not Stated,60-64,2022,0
Not Stated,65+,2022,0
Not Stated,Not Stated,2022,1
